IDJogo;DataHora;PontosCasa;PontosVisitante;IDEstadio;IDTimeCasa;IDTimeFora
1;18/10/2022 23:30;126;117;2;2;23
2;19/10/2022 02:00;123;109;10;10;14
3;19/10/2022 23:00;113;109;9;9;22
4;19/10/2022 23:00;107;114;12;12;30
5;19/10/2022 23:30;117;107;1;1;11
6;19/10/2022 23:30;108;130;3;3;19
7;19/10/2022 23:30;108;116;15;16;5
8;19/10/2022 23:30;108;105;27;28;6
9;19/10/2022 23:30;115;112;14;15;20
10;20/10/2022 00:00;115;108;17;18;21
11;20/10/2022 00:00;102;129;26;27;4
12;20/10/2022 01:00;123;102;28;29;8
13;20/10/2022 02:00;107;105;23;24;7
14;20/10/2022 02:00;108;115;25;26;25
15;20/10/2022 23:30;88;90;22;23;17
16;21/10/2022 02:00;97;103;13;14;13
17;21/10/2022 23:00;112;124;4;4;19
18;21/10/2022 23:00;134;137;12;12;27
19;21/10/2022 23:00;102;100;29;30;5
20;21/10/2022 23:30;108;98;1;1;22
21;21/10/2022 23:30;109;105;3;3;28
22;21/10/2022 23:30;104;111;15;16;2
23;21/10/2022 23:30;130;106;19;20;9
24;22/10/2022 00:00;122;129;11;11;15
25;22/10/2022 00:00;126;132;17;18;29
26;22/10/2022 02:00;123;128;10;10;8
27;22/10/2022 02:00;113;111;24;25;24
28;22/10/2022 22:00;105;114;22;23;27
29;22/10/2022 23:00;124;115;12;12;9
30;22/10/2022 23:00;120;126;21;22;2
31;23/10/2022 00:00;112;109;15;16;28
32;23/10/2022 00:00;96;128;5;5;6
33;23/10/2022 00:00;125;105;16;17;11
34;23/10/2022 00:30;137;96;7;7;15
35;23/10/2022 01:00;122;117;8;8;21
36;23/10/2022 02:00;109;111;25;26;13
37;23/10/2022 19:30;104;106;13;14;25
38;23/10/2022 21:00;109;126;1;1;4
39;23/10/2022 23:00;117;107;6;6;30
40;23/10/2022 23:00;121;122;18;19;29
41;24/10/2022 00:00;106;116;20;21;18
42;24/10/2022 00:30;130;125;10;10;26
43;24/10/2022 02:00;95;112;13;13;24
44;24/10/2022 23:00;120;106;22;23;12
45;24/10/2022 23:30;90;98;15;16;28
46;24/10/2022 23:30;115;102;19;20;22
47;25/10/2022 00:00;120;102;5;5;2
48;25/10/2022 00:00;114;108;11;11;29
49;25/10/2022 00:00;134;124;14;15;3
50;25/10/2022 00:00;106;115;17;18;27
51;25/10/2022 02:00;135;110;24;25;8
52;25/10/2022 23:00;120;99;29;30;9
53;25/10/2022 23:30;113;111;18;19;7
54;26/10/2022 00:00;108;94;20;21;13
55;26/10/2022 02:00;134;105;23;24;10
56;26/10/2022 23:00;103;92;6;6;22
57;26/10/2022 23:00;113;118;9;9;1
58;26/10/2022 23:30;134;131;19;20;4
59;26/10/2022 23:30;119;109;27;28;23
60;26/10/2022 23:30;110;99;16;17;3
61;27/10/2022 00:00;124;109;5;5;12
62;27/10/2022 00:00;134;122;17;18;27
63;27/10/2022 01:00;109;101;28;29;11
64;27/10/2022 02:00;110;99;8;8;14
65;27/10/2022 02:00;98;119;24;25;16
66;27/10/2022 23:30;125;129;3;3;7
67;28/10/2022 00:00;118;110;20;21;13
68;28/10/2022 02:00;123;110;10;10;16
69;28/10/2022 02:00;110;125;25;26;15
70;28/10/2022 23:00;112;136;9;9;1
71;28/10/2022 23:00;113;93;21;22;4
72;28/10/2022 23:30;123;132;2;2;6
73;28/10/2022 23:30;90;112;27;28;23
74;28/10/2022 23:30;117;127;29;30;12
75;29/10/2022 00:00;119;108;16;17;20
76;29/10/2022 00:00;111;102;17;18;14
77;29/10/2022 00:30;129;124;26;27;5
78;29/10/2022 01:00;117;101;8;8;29
79;29/10/2022 02:00;124;111;23;24;19
80;29/10/2022 02:00;125;111;24;25;11
81;29/10/2022 22:00;119;113;25;26;16
82;29/10/2022 23:00;120;113;4;4;10
83;29/10/2022 23:30;116;125;3;3;12
84;30/10/2022 00:00;109;114;5;5;23
85;30/10/2022 00:00;123;115;16;17;1
86;30/10/2022 01:00;111;117;7;7;21
87;30/10/2022 01:00;124;123;28;29;15
88;30/10/2022 19:00;91;112;13;13;19
89;30/10/2022 22:00;112;94;2;2;30
90;30/10/2022 22:00;121;108;6;6;20
91;30/10/2022 22:00;128;114;9;9;10
92;30/10/2022 23:00;107;98;26;27;18
93;30/10/2022 23:30;114;105;7;7;22
94;31/10/2022 01:00;124;109;23;24;11
95;31/10/2022 01:30;121;110;13;14;8
96;31/10/2022 23:00;108;115;4;4;26
97;31/10/2022 23:00;111;118;29;30;23
98;31/10/2022 23:30;116;109;3;3;12
99;31/10/2022 23:30;139;109;27;28;1
100;01/11/2022 00:00;110;108;16;17;9
101;01/11/2022 01:00;121;105;28;29;15
102;01/11/2022 02:30;95;93;13;13;11
103;01/11/2022 23:30;99;108;3;3;5
104;01/11/2022 23:30;116;109;15;16;10
105;02/11/2022 00:00;116;108;20;21;22
106;02/11/2022 02:00;116;107;23;24;18
107;02/11/2022 22:00;111;121;22;23;30
108;02/11/2022 23:30;114;113;6;6;2
109;02/11/2022 23:30;110;107;15;16;26
110;02/11/2022 23:30;99;112;19;20;1
111;03/11/2022 00:00;106;88;5;5;4
112;03/11/2022 00:00;101;109;11;11;13
113;03/11/2022 00:00;116;91;16;17;9
114;03/11/2022 00:00;100;143;26;27;28
115;03/11/2022 00:30;103;100;7;7;29
116;03/11/2022 02:00;106;111;24;25;15
117;03/11/2022 02:30;120;117;13;14;19
118;03/11/2022 23:00;130;129;21;22;10
119;04/11/2022 00:00;110;122;20;21;8
120;04/11/2022 23:00;88;112;9;9;6
121;04/11/2022 23:00;101;99;12;12;16
122;04/11/2022 23:00;104;106;22;23;20
123;04/11/2022 23:00;86;128;29;30;3
124;04/11/2022 23:30;123;119;2;2;5
125;05/11/2022 00:00;130;99;14;15;4
126;05/11/2022 00:00;106;113;26;27;13
127;05/11/2022 00:30;111;110;7;7;28
128;05/11/2022 00:30;114;105;18;19;10
129;05/11/2022 02:00;102;115;17;18;17
130;05/11/2022 02:00;106;108;23;24;25
131;05/11/2022 02:30;116;130;13;14;29
132;05/11/2022 21:00;123;126;21;22;26
133;05/11/2022 23:00;94;98;4;4;3
134;05/11/2022 23:30;124;121;1;1;19
135;05/11/2022 23:30;118;133;19;20;2
136;06/11/2022 00:00;108;94;16;17;21
137;06/11/2022 00:00;129;117;17;18;11
138;06/11/2022 01:00;126;101;8;8;27
139;06/11/2022 02:00;102;82;23;24;25
140;06/11/2022 20:30;100;114;13;14;6
141;06/11/2022 23:00;113;104;27;28;5
142;06/11/2022 23:00;103;97;14;15;30
143;07/11/2022 03:00;102;110;13;13;29
144;08/11/2022 00:00;100;108;4;4;30
145;08/11/2022 00:13;127;134;21;22;11
146;08/11/2022 00:30;112;103;9;9;21
147;08/11/2022 00:45;129;122;12;12;19
148;08/11/2022 01:00;100;88;22;23;24
149;08/11/2022 01:13;117;98;1;1;17
150;08/11/2022 01:30;107;110;15;16;25
151;08/11/2022 01:45;111;97;5;5;28
152;08/11/2022 02:00;106;109;14;15;2
153;08/11/2022 02:13;107;120;17;18;20
154;08/11/2022 02:30;109;115;26;27;8
155;08/11/2022 02:45;96;94;7;7;3
156;08/11/2022 03:00;116;113;10;10;26
157;08/11/2022 03:13;139;116;28;29;14
158;08/11/2022 03:30;119;117;13;13;6
159;09/11/2022 22:30;94;87;21;22;7
160;10/11/2022 00:00;95;105;4;4;25
161;10/11/2022 00:00;119;122;12;12;8
162;10/11/2022 00:30;119;125;1;1;29
163;10/11/2022 00:30;128;112;2;2;9
164;10/11/2022 00:30;112;85;3;3;20
165;10/11/2022 00:30;116;109;27;28;11
166;10/11/2022 01:00;111;115;5;5;19
167;10/11/2022 01:00;117;129;17;18;24
168;10/11/2022 01:00;132;136;20;21;17
169;10/11/2022 01:00;122;124;26;27;15
170;10/11/2022 03:00;114;101;13;13;14
171;10/11/2022 03:00;127;120;25;26;6
172;11/11/2022 00:00;113;105;29;30;7
173;11/11/2022 00:30;104;95;1;1;23
174;11/11/2022 00:30;117;112;15;16;4
175;11/11/2022 01:00;95;106;18;19;25
176;12/11/2022 00:00;131;112;2;2;8
177;12/11/2022 00:00;114;97;21;22;24
178;12/11/2022 00:30;121;112;19;20;9
179;12/11/2022 01:00;132;113;20;21;28
180;12/11/2022 01:00;111;93;26;27;17
181;12/11/2022 02:30;114;103;14;15;18
182;12/11/2022 03:00;106;101;10;10;6
183;12/11/2022 03:30;114;120;13;14;26
184;12/11/2022 21:00;95;110;13;13;3
185;12/11/2022 23:00;121;112;29;30;29
186;13/11/2022 00:00;108;117;9;9;2
187;13/11/2022 00:00;118;104;12;12;28
188;13/11/2022 00:30;121;109;22;23;1
189;13/11/2022 01:00;132;115;15;16;4
190;13/11/2022 01:30;117;112;7;7;25
191;13/11/2022 01:30;119;106;18;19;11
192;13/11/2022 17:00;135;145;19;20;21
193;13/11/2022 23:00;124;129;6;6;18
194;13/11/2022 23:00;102;92;29;30;15
195;14/11/2022 00:30;105;98;22;23;29
196;14/11/2022 01:00;103;126;5;5;8
197;14/11/2022 02:00;122;115;25;26;10
198;14/11/2022 02:30;116;103;13;14;3
199;15/11/2022 00:00;111;115;9;9;28
200;15/11/2022 00:00;105;112;21;22;4
201;15/11/2022 00:30;126;122;2;2;21
202;15/11/2022 00:30;113;112;15;16;24
203;15/11/2022 01:00;106;122;11;11;13
204;15/11/2022 01:00;106;121;16;17;1
205;15/11/2022 03:00;132;95;10;10;27
206;16/11/2022 00:30;113;102;18;19;15
207;16/11/2022 01:30;103;101;7;7;13
208;16/11/2022 02:00;111;118;28;29;20
209;16/11/2022 03:00;117;110;24;25;27
210;16/11/2022 03:00;153;121;25;26;3
211;17/11/2022 00:00;113;125;4;4;12
212;17/11/2022 00:00;108;126;21;22;18
213;17/11/2022 00:00;120;121;29;30;21
214;17/11/2022 00:30;101;126;1;1;2
215;17/11/2022 00:30;112;104;27;28;16
216;17/11/2022 01:00;113;98;16;17;6
217;17/11/2022 01:00;124;110;18;19;5
218;17/11/2022 01:30;92;101;7;7;11
219;17/11/2022 03:00;103;106;8;8;20
220;17/11/2022 03:00;130;119;23;24;10
221;18/11/2022 03:00;107;109;24;25;3
222;18/11/2022 03:00;130;112;25;26;27
223;18/11/2022 03:30;96;91;13;13;9
224;19/11/2022 00:00;107;106;29;30;16
225;19/11/2022 00:30;132;122;6;6;4
226;19/11/2022 00:30;110;102;22;23;17
227;19/11/2022 01:00;107;108;5;5;22
228;19/11/2022 01:00;91;99;11;11;12
229;19/11/2022 01:00;121;110;14;15;21
230;19/11/2022 01:30;127;99;7;7;8
231;19/11/2022 01:30;109;117;18;19;2
232;19/11/2022 02:00;134;133;28;29;24
233;19/11/2022 03:00;111;101;10;10;20
234;19/11/2022 03:30;128;121;13;14;9
235;19/11/2022 23:00;124;122;1;1;28
236;20/11/2022 00:00;114;113;12;12;22
237;20/11/2022 00:30;109;112;22;23;18
238;20/11/2022 03:00;113;118;24;25;29
239;20/11/2022 03:30;119;97;13;13;27
240;20/11/2022 20:30;116;95;23;24;20
241;20/11/2022 23:00;106;102;29;30;4
242;20/11/2022 23:00;137;129;25;26;9
243;21/11/2022 00:00;127;115;3;3;15
244;21/11/2022 00:00;113;87;6;6;16
245;21/11/2022 00:00;120;127;11;11;10
246;21/11/2022 00:30;97;98;7;7;8
247;21/11/2022 02:30;123;92;13;14;27
248;22/11/2022 00:00;114;102;6;6;1
249;22/11/2022 00:00;123;102;12;12;22
250;22/11/2022 01:00;121;107;5;5;2
251;22/11/2022 01:00;119;111;16;17;25
252;22/11/2022 01:00;105;101;17;18;16
253;22/11/2022 01:00;128;83;18;19;10
254;22/11/2022 01:00;119;129;20;21;20
255;22/11/2022 03:30;121;114;13;13;29
256;23/11/2022 00:30;115;106;22;23;3
257;23/11/2022 01:00;109;113;14;15;26
258;23/11/2022 02:00;108;110;8;8;9
259;23/11/2022 03:00;115;105;23;24;14
260;24/11/2022 00:00;107;101;4;4;23
261;24/11/2022 00:00;114;96;6;6;25
262;24/11/2022 00:00;101;115;12;12;18
263;24/11/2022 00:30;115;106;1;1;26
264;24/11/2022 00:30;125;112;2;2;7
265;24/11/2022 00:30;113;105;15;16;30
266;24/11/2022 00:30;98;112;27;28;3
267;24/11/2022 01:00;113;118;16;17;5
268;24/11/2022 01:00;126;131;20;21;8
269;24/11/2022 01:00;110;129;26;27;19
270;24/11/2022 02:00;116;125;28;29;9
271;24/11/2022 03:00;124;107;10;10;13
272;25/11/2022 22:00;110;108;4;4;18
273;26/11/2022 00:00;99;107;21;22;23
274;26/11/2022 00:30;129;132;19;20;25
275;26/11/2022 01:00;122;104;2;2;26
276;26/11/2022 01:00;128;117;12;12;3
277;26/11/2022 01:00;110;107;15;16;30
278;26/11/2022 01:00;128;122;11;11;1
279;26/11/2022 01:00;132;111;14;15;19
280;26/11/2022 01:00;117;102;16;17;6
281;26/11/2022 01:00;123;119;20;21;5
282;26/11/2022 01:00;94;105;26;27;14
283;26/11/2022 02:00;108;102;23;24;9
284;26/11/2022 03:00;129;118;10;10;29
285;26/11/2022 03:30;104;114;13;13;8
286;26/11/2022 22:00;105;100;27;28;7
287;27/11/2022 01:00;118;105;11;11;21
288;27/11/2022 01:00;138;143;26;27;14
289;27/11/2022 02:00;113;112;23;24;29
290;27/11/2022 20:00;111;97;3;3;25
291;27/11/2022 20:30;114;137;17;18;10
292;27/11/2022 21:00;114;100;13;13;12
293;27/11/2022 22:00;98;106;1;1;16
294;27/11/2022 23:00;130;121;2;2;30
295;27/11/2022 23:00;94;102;9;9;6
296;27/11/2022 23:00;123;127;19;20;15
297;27/11/2022 23:00;103;133;21;22;23
298;28/11/2022 01:00;124;115;16;17;7
299;29/11/2022 00:00;104;101;22;23;1
300;29/11/2022 00:00;142;127;29;30;18
301;29/11/2022 00:30;140;105;2;2;4
302;29/11/2022 00:30;109;102;3;3;22
303;29/11/2022 00:30;100;88;27;28;6
304;29/11/2022 01:00;105;101;18;19;21
305;29/11/2022 02:00;129;113;8;8;11
306;29/11/2022 02:00;107;114;28;29;5
307;29/11/2022 03:00;117;122;25;26;24
308;29/11/2022 03:30;115;116;13;14;12
309;30/11/2022 00:00;110;140;9;9;20
310;30/11/2022 00:30;116;113;7;7;10
311;30/11/2022 03:00;112;118;24;25;13
312;01/12/2022 00:00;113;85;6;6;23
313;01/12/2022 00:00;108;125;21;22;1
314;01/12/2022 00:30;134;121;2;2;16
315;01/12/2022 00:30;113;107;3;3;30
316;01/12/2022 00:30;103;109;19;20;17
317;01/12/2022 01:00;109;101;17;18;15
318;01/12/2022 01:00;126;108;18;19;28
319;01/12/2022 01:00;119;111;20;21;27
320;01/12/2022 02:00;120;100;8;8;11
321;01/12/2022 02:00;132;113;23;24;5
322;01/12/2022 02:00;125;112;28;29;13
323;01/12/2022 03:00;137;114;25;26;12
324;01/12/2022 03:30;128;109;13;14;25
325;02/12/2022 00:00;131;125;9;9;7
326;03/12/2022 00:00;117;116;4;4;30
327;03/12/2022 00:30;117;109;1;1;8
328;03/12/2022 00:30;116;120;2;2;16
329;03/12/2022 00:30;114;105;3;3;28
330;03/12/2022 00:30;107;96;6;6;22
331;03/12/2022 00:30;129;133;16;17;14
332;03/12/2022 01:00;117;109;14;15;23
333;03/12/2022 01:00;99;117;26;27;19
334;03/12/2022 02:00;121;122;23;24;11
335;03/12/2022 02:00;139;119;28;29;12
336;03/12/2022 03:00;119;111;10;10;5
337;03/12/2022 17:30;100;121;19;20;7
338;03/12/2022 21:00;96;123;13;13;26
339;03/12/2022 23:00;96;105;4;4;17
340;04/12/2022 01:00;121;108;27;28;22
341;04/12/2022 01:00;128;135;17;18;21
342;04/12/2022 01:30;120;101;10;10;11
343;04/12/2022 02:00;111;116;28;29;25
344;04/12/2022 20:30;121;106;18;19;8
345;04/12/2022 21:00;95;133;26;27;24
346;04/12/2022 23:00;92;103;3;3;2
347;04/12/2022 23:00;112;122;9;9;15
348;04/12/2022 23:00;92;81;19;20;6
349;04/12/2022 23:00;119;130;29;30;14
350;04/12/2022 23:00;110;101;25;26;5
351;05/12/2022 02:00;116;100;24;25;12
352;06/12/2022 00:00;117;119;4;4;13
353;06/12/2022 00:00;102;109;21;22;17
354;06/12/2022 00:30;114;121;1;1;21
355;06/12/2022 00:30;110;116;27;28;2
356;06/12/2022 01:00;132;123;11;11;23
357;06/12/2022 01:00;101;93;14;15;16
358;06/12/2022 01:30;130;111;7;7;24
359;06/12/2022 03:00;104;112;10;10;12
360;07/12/2022 00:30;116;102;6;6;14
361;07/12/2022 00:30;96;116;15;16;9
362;07/12/2022 03:00;115;116;8;8;7
363;08/12/2022 00:00;116;111;21;22;13
364;08/12/2022 00:30;122;116;3;3;4
365;08/12/2022 00:30;113;89;19;20;1
366;08/12/2022 00:30;126;113;27;28;14
367;08/12/2022 01:00;115;111;5;5;30
368;08/12/2022 01:00;123;102;14;15;21
369;08/12/2022 01:00;126;113;16;17;26
370;08/12/2022 01:00;121;115;17;18;12
371;08/12/2022 01:00;104;98;18;19;9
372;08/12/2022 02:00;124;123;28;29;10
373;08/12/2022 03:00;98;125;23;24;2
374;09/12/2022 00:30;115;110;15;16;13
375;09/12/2022 01:30;118;109;26;27;11
376;09/12/2022 03:00;120;121;24;25;8
377;10/12/2022 00:00;102;121;4;4;20
378;10/12/2022 00:00;121;111;12;12;30
379;10/12/2022 00:00;113;109;21;22;28
380;10/12/2022 00:30;120;116;3;3;1
381;10/12/2022 00:30;95;106;6;6;26
382;10/12/2022 00:30;133;122;22;23;14
383;10/12/2022 01:00;114;103;14;15;9
384;10/12/2022 01:30;128;117;18;19;24
385;10/12/2022 02:00;108;118;28;29;18
386;10/12/2022 03:00;105;106;7;7;17
387;10/12/2022 22:00;111;115;15;16;27
388;11/12/2022 00:00;133;136;12;12;3
389;11/12/2022 00:00;107;114;29;30;13
390;11/12/2022 00:30;110;102;6;6;21
391;11/12/2022 01:00;144;115;5;5;7
392;11/12/2022 01:30;123;107;10;10;2
393;11/12/2022 02:00;115;110;8;8;29
394;11/12/2022 03:00;124;118;24;25;18
395;11/12/2022 20:30;129;124;18;19;24
396;11/12/2022 23:00;117;124;9;9;14
397;11/12/2022 23:00;112;99;19;20;26
398;11/12/2022 23:00;111;99;21;22;28
399;11/12/2022 23:00;131;113;22;23;4
400;11/12/2022 23:30;123;122;1;1;5
401;12/12/2022 00:00;97;92;11;11;17
402;13/12/2022 00:00;82;87;12;12;16
403;13/12/2022 00:00;100;112;29;30;3
404;13/12/2022 01:00;128;103;14;15;1
405;13/12/2022 01:30;121;114;7;7;21
406;13/12/2022 01:30;112;111;26;27;6
407;13/12/2022 03:00;133;112;24;25;18
408;13/12/2022 03:30;113;93;13;13;2
409;14/12/2022 00:00;123;103;22;23;26
410;14/12/2022 00:30;128;111;16;17;10
411;14/12/2022 01:00;111;97;11;11;24
412;14/12/2022 02:00;121;100;28;29;19
413;14/12/2022 03:00;118;122;13;14;2
414;15/12/2022 00:00;134;141;4;4;9
415;15/12/2022 00:00;125;119;12;12;10
416;15/12/2022 00:00;135;124;21;22;1
417;15/12/2022 00:30;123;124;27;28;26
418;15/12/2022 00:30;120;128;5;5;20
419;15/12/2022 01:00;108;110;20;21;16
420;15/12/2022 01:00;112;128;26;27;25
421;15/12/2022 02:00;90;105;7;7;6
422;15/12/2022 02:00;141;128;8;8;30
423;15/12/2022 03:00;99;88;13;13;18
424;16/12/2022 01:00;108;111;11;11;16
425;16/12/2022 01:00;142;101;14;15;17
426;16/12/2022 02:00;132;129;28;29;19
427;16/12/2022 03:30;95;111;13;13;24
428;17/12/2022 00:00;106;125;4;4;1
429;17/12/2022 00:00;113;122;9;9;26
430;17/12/2022 00:30;109;117;2;2;22
431;17/12/2022 00:30;118;112;6;6;12
432;17/12/2022 00:30;118;106;22;23;10
433;17/12/2022 00:30;116;119;27;28;3
434;17/12/2022 01:00;91;114;5;5;20
435;17/12/2022 01:00;110;112;20;21;18
436;17/12/2022 01:30;130;110;7;7;25
437;17/12/2022 03:00;126;108;13;14;8
438;17/12/2022 21:00;102;93;13;13;30
439;17/12/2022 22:00;101;111;26;27;16
440;18/12/2022 01:00;100;99;6;6;7
441;18/12/2022 01:00;95;107;11;11;25
442;18/12/2022 01:00;123;97;16;17;29
443;18/12/2022 01:00;115;109;20;21;15
444;18/12/2022 02:00;118;114;23;24;19
445;18/12/2022 20:00;92;95;2;2;22
446;18/12/2022 22:00;106;109;12;12;20
447;18/12/2022 23:00;121;124;9;9;3
448;18/12/2022 23:00;110;126;27;28;10
449;19/12/2022 00:00;150;126;17;18;5
450;19/12/2022 01:00;119;115;8;8;4
451;19/12/2022 02:30;119;117;13;14;30
452;20/12/2022 00:00;0;0;6;6;29
453;20/12/2022 00:00;0;0;22;23;28
454;20/12/2022 00:30;0;0;1;1;22
455;20/12/2022 01:00;0;0;11;11;27
456;20/12/2022 01:00;0;0;17;18;7
457;20/12/2022 01:00;0;0;18;19;17
458;20/12/2022 01:00;0;0;20;21;25
459;20/12/2022 02:00;0;0;23;24;14
460;20/12/2022 03:00;0;0;25;26;4
461;21/12/2022 00:00;0;0;9;9;29
462;21/12/2022 00:30;0;0;15;16;5
463;21/12/2022 00:30;0;0;19;20;10
464;21/12/2022 02:00;0;0;23;24;30
465;21/12/2022 03:00;0;0;8;8;15
466;22/12/2022 00:00;0;0;6;6;17
467;22/12/2022 00:00;0;0;22;23;9
468;22/12/2022 00:30;0;0;1;1;5
469;22/12/2022 00:30;0;0;2;2;12
470;22/12/2022 00:30;0;0;3;3;10
471;22/12/2022 00:30;0;0;19;20;28
472;22/12/2022 01:00;0;0;11;11;22
473;22/12/2022 01:00;0;0;17;18;7
474;22/12/2022 01:00;0;0;20;21;25
475;22/12/2022 03:00;0;0;25;26;14
476;22/12/2022 03:30;0;0;13;13;4
477;23/12/2022 01:00;0;0;18;19;27
478;23/12/2022 02:00;0;0;28;29;30
479;24/12/2022 00:00;0;0;21;22;27
480;24/12/2022 00:00;0;0;22;23;13
481;24/12/2022 00:30;0;0;1;1;9
482;24/12/2022 00:30;0;0;2;2;18
483;24/12/2022 00:30;0;0;3;3;17
484;24/12/2022 00:30;0;0;6;6;28
485;24/12/2022 00:30;0;0;19;20;5
486;24/12/2022 01:00;0;0;15;16;12
487;24/12/2022 01:00;0;0;11;11;7
488;24/12/2022 01:00;0;0;20;21;19
489;24/12/2022 02:00;0;0;8;8;25
490;24/12/2022 03:00;0;0;23;24;15
491;24/12/2022 03:00;0;0;25;26;30
492;24/12/2022 03:30;0;0;13;14;4
493;25/12/2022 17:00;0;0;19;20;23
494;25/12/2022 19:30;0;0;7;7;14
495;25/12/2022 22:00;0;0;2;2;17
496;26/12/2022 01:00;0;0;10;10;15
497;26/12/2022 03:30;0;0;8;8;24
498;27/12/2022 00:00;0;0;6;6;3
499;27/12/2022 00:00;0;0;9;9;13
500;27/12/2022 00:30;0;0;15;16;18
501;27/12/2022 01:00;0;0;5;5;11
502;27/12/2022 01:00;0;0;18;19;12
503;27/12/2022 01:00;0;0;26;27;29
504;27/12/2022 03:00;0;0;24;25;4
505;28/12/2022 00:00;0;0;21;22;14
506;28/12/2022 00:00;0;0;29;30;23
507;28/12/2022 00:30;0;0;2;2;11
508;28/12/2022 00:30;0;0;12;12;1
509;28/12/2022 00:30;0;0;27;28;13
510;28/12/2022 01:00;0;0;14;15;24
511;28/12/2022 01:00;0;0;20;21;27
512;28/12/2022 01:30;0;0;7;7;20
513;28/12/2022 03:00;0;0;10;10;4
514;28/12/2022 03:00;0;0;25;26;8
515;29/12/2022 00:00;0;0;9;9;22
516;29/12/2022 00:00;0;0;29;30;24
517;29/12/2022 00:30;0;0;1;1;3
518;29/12/2022 00:30;0;0;15;16;14
519;29/12/2022 01:00;0;0;5;5;17
520;29/12/2022 01:00;0;0;18;19;18
521;29/12/2022 03:00;0;0;10;10;29
522;29/12/2022 03:00;0;0;25;26;8
523;30/12/2022 00:00;0;0;4;4;21
524;30/12/2022 00:00;0;0;12;12;6
525;30/12/2022 00:30;0;0;2;2;13
526;30/12/2022 00:30;0;0;27;28;15
527;30/12/2022 01:00;0;0;26;27;20
528;30/12/2022 01:30;0;0;7;7;11
529;31/12/2022 00:00;0;0;21;22;30
530;31/12/2022 00:30;0;0;1;1;14
531;31/12/2022 00:30;0;0;27;28;24
532;31/12/2022 01:00;0;0;5;5;9
533;31/12/2022 01:00;0;0;16;17;18
534;31/12/2022 01:30;0;0;18;19;23
535;31/12/2022 02:00;0;0;8;8;16
536;31/12/2022 03:00;0;0;10;10;25
537;31/12/2022 03:00;0;0;25;26;29
538;31/12/2022 20:00;0;0;12;12;13
539;01/01/2023 00:00;0;0;4;4;3
540;01/01/2023 00:00;0;0;5;5;6
541;01/01/2023 00:00;0;0;11;11;20
542;01/01/2023 00:00;0;0;26;27;7
543;01/01/2023 01:00;0;0;14;15;19
544;01/01/2023 01:00;0;0;17;18;9
545;01/01/2023 01:00;0;0;20;21;23
546;01/01/2023 02:00;0;0;28;29;16
547;02/01/2023 01:00;0;0;14;15;26
548;02/01/2023 01:00;0;0;16;17;30
549;02/01/2023 01:00;0;0;8;8;2
550;02/01/2023 20:00;0;0;19;20;24
551;03/01/2023 00:00;0;0;4;4;14
552;03/01/2023 00:00;0;0;6;6;5
553;03/01/2023 00:00;0;0;12;12;28
554;03/01/2023 00:00;0;0;22;23;19
555;03/01/2023 00:30;0;0;3;3;27
556;03/01/2023 01:00;0;0;11;11;7
557;03/01/2023 01:00;0;0;17;18;8
558;03/01/2023 03:00;0;0;10;10;1
559;03/01/2023 03:00;0;0;24;25;9
560;03/01/2023 03:30;0;0;13;13;16
561;04/01/2023 01:00;0;0;16;17;30
562;04/01/2023 01:00;0;0;20;21;2
563;04/01/2023 02:00;0;0;28;29;26
564;05/01/2023 00:00;0;0;4;4;15
565;05/01/2023 00:00;0;0;6;6;24
566;05/01/2023 00:00;0;0;21;22;21
567;05/01/2023 00:00;0;0;22;23;12
568;05/01/2023 00:30;0;0;19;20;27
569;05/01/2023 00:30;0;0;27;28;17
570;05/01/2023 01:00;0;0;5;5;3
571;05/01/2023 01:00;0;0;17;18;25
572;05/01/2023 01:00;0;0;18;19;11
573;05/01/2023 03:00;0;0;10;10;9
574;05/01/2023 03:00;0;0;13;14;16
575;05/01/2023 03:00;0;0;25;26;1
576;06/01/2023 00:00;0;0;21;22;15
577;06/01/2023 00:30;0;0;7;7;2
578;06/01/2023 01:00;0;0;11;11;29
579;06/01/2023 03:00;0;0;8;8;13
580;07/01/2023 00:00;0;0;12;12;25
581;07/01/2023 00:30;0;0;22;23;5
582;07/01/2023 00:30;0;0;27;28;20
583;07/01/2023 01:00;0;0;16;17;4
584;07/01/2023 01:00;0;0;20;21;30
585;07/01/2023 01:00;0;0;26;27;9
586;07/01/2023 01:30;0;0;18;19;3
587;07/01/2023 02:00;0;0;17;18;13
588;07/01/2023 02:00;0;0;8;8;6
589;07/01/2023 03:00;0;0;23;24;16
590;07/01/2023 03:30;0;0;13;14;1
591;07/01/2023 23:00;0;0;26;27;2
592;08/01/2023 01:00;0;0;5;5;29
593;08/01/2023 01:00;0;0;7;7;19
594;08/01/2023 01:30;0;0;10;10;22
595;08/01/2023 03:00;0;0;25;26;14
596;08/01/2023 20:00;0;0;9;9;23
597;08/01/2023 20:30;0;0;27;28;25
598;08/01/2023 22:00;0;0;12;12;4
599;08/01/2023 23:00;0;0;15;16;3
600;08/01/2023 23:00;0;0;14;15;29
601;09/01/2023 00:00;0;0;11;11;18
602;09/01/2023 00:00;0;0;20;21;7
603;09/01/2023 01:00;0;0;23;24;6
604;09/01/2023 02:00;0;0;13;13;1
605;10/01/2023 00:00;0;0;29;30;19
606;10/01/2023 00:30;0;0;2;2;5
607;10/01/2023 00:30;0;0;19;20;17
608;10/01/2023 01:00;0;0;14;15;27
609;10/01/2023 02:00;0;0;8;8;14
610;10/01/2023 03:00;0;0;25;26;22
611;11/01/2023 00:30;0;0;15;16;21
612;11/01/2023 00:30;0;0;22;23;9
613;11/01/2023 00:30;0;0;27;28;4
614;11/01/2023 02:00;0;0;28;29;6
615;11/01/2023 03:00;0;0;10;10;24
616;11/01/2023 03:00;0;0;24;25;22
617;11/01/2023 03:30;0;0;13;13;7
618;12/01/2023 00:00;0;0;9;9;18
619;12/01/2023 00:00;0;0;29;30;5
620;12/01/2023 00:30;0;0;1;1;17
621;12/01/2023 00:30;0;0;2;2;19
622;12/01/2023 00:30;0;0;19;20;12
623;12/01/2023 01:00;0;0;14;15;27
624;12/01/2023 02:00;0;0;8;8;24
625;12/01/2023 03:00;0;0;25;26;11
626;13/01/2023 00:00;0;0;22;23;21
627;13/01/2023 00:30;0;0;3;3;2
628;13/01/2023 00:30;0;0;15;16;17
629;13/01/2023 00:30;0;0;27;28;4
630;13/01/2023 03:00;0;0;13;14;7
631;13/01/2023 03:00;0;0;24;25;6
632;14/01/2023 00:00;0;0;9;9;19
633;14/01/2023 00:00;0;0;12;12;1
634;14/01/2023 00:00;0;0;29;30;20
635;14/01/2023 00:30;0;0;26;27;10
636;14/01/2023 01:00;0;0;5;5;21
637;14/01/2023 01:00;0;0;17;18;24
638;14/01/2023 02:00;0;0;28;29;22
639;14/01/2023 03:00;0;0;13;13;8
640;14/01/2023 03:00;0;0;25;26;11
641;14/01/2023 18:00;0;0;15;16;17
642;15/01/2023 00:00;0;0;4;4;2
643;15/01/2023 00:00;0;0;12;12;15
644;15/01/2023 00:30;0;0;27;28;1
645;15/01/2023 01:00;0;0;17;18;6
646;15/01/2023 02:00;0;0;28;29;23
647;15/01/2023 03:00;0;0;24;25;7
648;15/01/2023 18:00;0;0;9;9;20
649;15/01/2023 20:00;0;0;13;13;11
650;15/01/2023 20:30;0;0;5;5;10
651;15/01/2023 23:00;0;0;3;3;21
652;16/01/2023 00:00;0;0;26;27;26
653;16/01/2023 01:00;0;0;8;8;22
654;16/01/2023 02:00;0;0;24;25;7
655;16/01/2023 02:30;0;0;13;14;23
656;16/01/2023 18:00;0;0;4;4;2
657;16/01/2023 19:30;0;0;16;17;12
658;16/01/2023 20:00;0;0;6;6;19
659;16/01/2023 20:00;0;0;19;20;28
660;16/01/2023 20:00;0;0;29;30;10
661;16/01/2023 20:30;0;0;1;1;16
662;16/01/2023 21:00;0;0;17;18;29
663;16/01/2023 23:00;0;0;14;15;24
664;17/01/2023 03:30;0;0;13;14;11
665;18/01/2023 00:30;0;0;16;17;28
666;18/01/2023 01:00;0;0;26;27;3
667;18/01/2023 02:00;0;0;8;8;25
668;18/01/2023 03:00;0;0;13;13;23
669;19/01/2023 00:30;0;0;19;20;30
670;19/01/2023 00:30;0;0;7;7;1
671;19/01/2023 01:00;0;0;11;11;4
672;19/01/2023 01:00;0;0;14;15;6
673;19/01/2023 01:00;0;0;18;19;16
674;19/01/2023 01:00;0;0;20;21;12
675;19/01/2023 02:00;0;0;28;29;13
676;19/01/2023 03:00;0;0;8;8;18
677;19/01/2023 03:30;0;0;13;14;26
678;19/01/2023 20:00;0;0;9;9;5
679;20/01/2023 00:30;0;0;2;2;10
680;20/01/2023 01:00;0;0;17;18;28
681;20/01/2023 03:00;0;0;23;24;3
682;20/01/2023 03:00;0;0;24;25;23
683;21/01/2023 00:00;0;0;21;22;19
684;21/01/2023 00:30;0;0;1;1;20
685;21/01/2023 00:30;0;0;6;6;10
686;21/01/2023 00:30;0;0;7;7;16
687;21/01/2023 01:00;0;0;26;27;13
688;21/01/2023 02:00;0;0;8;8;12
689;21/01/2023 02:00;0;0;28;29;3
690;21/01/2023 03:00;0;0;13;14;15
691;21/01/2023 03:00;0;0;25;26;21
692;21/01/2023 22:00;0;0;27;28;2
693;22/01/2023 00:00;0;0;29;30;22
694;22/01/2023 00:30;0;0;1;1;4
695;22/01/2023 00:30;0;0;6;6;17
696;22/01/2023 01:00;0;0;17;18;11
697;22/01/2023 02:00;0;0;23;24;12
698;22/01/2023 03:00;0;0;25;26;23
699;22/01/2023 20:30;0;0;15;16;19
700;22/01/2023 23:00;0;0;27;28;20
701;23/01/2023 00:30;0;0;7;7;13
702;23/01/2023 01:00;0;0;8;8;21
703;23/01/2023 01:00;0;0;23;24;15
704;23/01/2023 01:30;0;0;10;10;3
705;23/01/2023 02:00;0;0;24;25;14
706;24/01/2023 00:00;0;0;9;9;17
707;24/01/2023 00:00;0;0;21;22;2
708;24/01/2023 01:00;0;0;5;5;1
709;24/01/2023 01:00;0;0;11;11;18
710;24/01/2023 02:00;0;0;28;29;4
711;24/01/2023 03:00;0;0;24;25;27
712;24/01/2023 03:30;0;0;25;26;15
713;25/01/2023 00:00;0;0;12;12;5
714;25/01/2023 00:30;0;0;15;16;2
715;25/01/2023 00:30;0;0;19;20;6
716;25/01/2023 01:00;0;0;18;19;8
717;25/01/2023 01:30;0;0;7;7;30
718;25/01/2023 02:00;0;0;23;24;4
719;25/01/2023 03:00;0;0;13;14;13
720;26/01/2023 00:00;0;0;21;22;12
721;26/01/2023 00:30;0;0;22;23;3
722;26/01/2023 01:00;0;0;11;11;30
723;26/01/2023 01:00;0;0;16;17;8
724;26/01/2023 01:00;0;0;18;19;18
725;26/01/2023 01:00;0;0;20;21;1
726;26/01/2023 03:00;0;0;10;10;15
727;26/01/2023 03:00;0;0;24;25;29
728;26/01/2023 03:00;0;0;25;26;28
729;26/01/2023 03:30;0;0;13;14;27
730;27/01/2023 00:30;0;0;2;2;20
731;27/01/2023 00:30;0;0;3;3;9
732;27/01/2023 00:30;0;0;4;4;5
733;27/01/2023 01:00;0;0;11;11;6
734;27/01/2023 03:00;0;0;23;24;7
735;27/01/2023 03:30;0;0;13;13;27
736;28/01/2023 00:00;0;0;12;12;17
737;28/01/2023 00:30;0;0;17;18;15
738;28/01/2023 01:00;0;0;15;16;22
739;28/01/2023 01:00;0;0;20;21;6
740;28/01/2023 03:00;0;0;10;10;28
741;28/01/2023 20:00;0;0;22;23;8
742;28/01/2023 22:30;0;0;3;3;20
743;29/01/2023 00:00;0;0;9;9;11
744;29/01/2023 00:00;0;0;21;22;5
745;29/01/2023 00:30;0;0;1;1;13
746;29/01/2023 01:00;0;0;17;18;26
747;29/01/2023 01:00;0;0;18;19;30
748;29/01/2023 01:00;0;0;26;27;24
749;29/01/2023 01:30;0;0;2;2;14
750;29/01/2023 02:00;0;0;28;29;7
751;29/01/2023 03:00;0;0;24;25;28
752;29/01/2023 18:00;0;0;4;4;16
753;29/01/2023 23:00;0;0;14;15;12
754;30/01/2023 00:00;0;0;6;6;13
755;30/01/2023 01:00;0;0;16;17;19
756;31/01/2023 00:00;0;0;22;23;22
757;31/01/2023 00:30;0;0;3;3;14
758;31/01/2023 01:00;0;0;17;18;26
759;31/01/2023 01:00;0;0;20;21;10
760;31/01/2023 01:00;0;0;26;27;30
761;31/01/2023 01:30;0;0;7;7;9
762;31/01/2023 02:00;0;0;23;24;28
763;31/01/2023 03:00;0;0;24;25;1
764;01/02/2023 00:00;0;0;6;6;16
765;01/02/2023 00:30;0;0;19;20;14
766;01/02/2023 01:00;0;0;5;5;13
767;01/02/2023 01:00;0;0;16;17;4
768;01/02/2023 03:00;0;0;8;8;19
769;02/02/2023 00:00;0;0;9;9;30
770;02/02/2023 00:00;0;0;22;23;22
771;02/02/2023 00:00;0;0;14;15;25
772;02/02/2023 00:30;0;0;2;2;3
773;02/02/2023 01:00;0;0;11;11;21
774;02/02/2023 01:00;0;0;17;18;10
775;02/02/2023 01:00;0;0;26;27;26
776;02/02/2023 02:00;0;0;28;29;28
777;02/02/2023 03:00;0;0;23;24;1
778;03/02/2023 00:00;0;0;12;12;14
779;03/02/2023 00:30;0;0;6;6;15
780;03/02/2023 00:30;0;0;19;20;16
781;03/02/2023 01:00;0;0;5;5;4
782;03/02/2023 01:30;0;0;7;7;19
783;03/02/2023 02:00;0;0;8;8;10
784;03/02/2023 03:00;0;0;16;17;13
785;04/02/2023 00:00;0;0;9;9;4
786;04/02/2023 00:00;0;0;12;12;26
787;04/02/2023 00:00;0;0;29;30;25
788;04/02/2023 00:30;0;0;2;2;24
789;04/02/2023 01:00;0;0;11;11;28
790;04/02/2023 01:00;0;0;17;18;22
791;04/02/2023 01:00;0;0;26;27;23
792;04/02/2023 02:00;0;0;28;29;1
793;04/02/2023 23:00;0;0;3;3;30
794;05/02/2023 00:00;0;0;9;9;24
795;05/02/2023 00:00;0;0;19;20;13
796;05/02/2023 01:00;0;0;5;5;25
797;05/02/2023 01:00;0;0;16;17;16
798;05/02/2023 01:00;0;0;18;19;14
799;05/02/2023 01:00;0;0;20;21;11
800;05/02/2023 01:30;0;0;10;10;7
801;05/02/2023 02:00;0;0;8;8;1
802;05/02/2023 18:00;0;0;4;4;22
803;05/02/2023 22:00;0;0;12;12;6
804;05/02/2023 23:00;0;0;19;20;23
805;05/02/2023 23:00;0;0;14;15;28
806;06/02/2023 00:00;0;0;17;18;8
807;06/02/2023 00:00;0;0;18;19;26
808;07/02/2023 00:00;0;0;9;9;2
809;07/02/2023 00:00;0;0;29;30;6
810;07/02/2023 00:30;0;0;3;3;13
811;07/02/2023 01:00;0;0;5;5;27
812;07/02/2023 01:00;0;0;11;11;26
813;07/02/2023 02:00;0;0;28;29;7
814;07/02/2023 03:00;0;0;10;10;21
815;07/02/2023 03:00;0;0;24;25;17
816;08/02/2023 00:00;0;0;21;22;20
817;08/02/2023 00:30;0;0;3;3;24
818;08/02/2023 00:30;0;0;18;19;1
819;08/02/2023 01:00;0;0;14;15;5
820;08/02/2023 03:00;0;0;8;8;18
821;08/02/2023 03:30;0;0;13;14;21
822;09/02/2023 00:00;0;0;6;6;9
823;09/02/2023 00:00;0;0;29;30;4
824;09/02/2023 00:30;0;0;2;2;23
825;09/02/2023 00:30;0;0;15;16;12
826;09/02/2023 00:30;0;0;27;28;27
827;09/02/2023 01:00;0;0;11;11;26
828;09/02/2023 02:00;0;0;28;29;18
829;09/02/2023 03:00;0;0;13;13;7
830;09/02/2023 03:00;0;0;24;25;10
831;10/02/2023 00:00;0;0;21;22;8
832;10/02/2023 00:30;0;0;1;1;24
833;10/02/2023 00:30;0;0;3;3;5
834;10/02/2023 03:00;0;0;13;14;17
835;11/02/2023 00:00;0;0;9;9;27
836;11/02/2023 00:00;0;0;12;12;24
837;11/02/2023 00:00;0;0;22;23;20
838;11/02/2023 00:30;0;0;2;2;4
839;11/02/2023 00:30;0;0;27;28;29
840;11/02/2023 01:00;0;0;15;16;11
841;11/02/2023 01:00;0;0;14;15;18
842;11/02/2023 03:00;0;0;18;19;6
843;11/02/2023 03:00;0;0;24;25;21
844;11/02/2023 03:00;0;0;25;26;7
845;11/02/2023 03:30;0;0;13;13;17
846;11/02/2023 23:00;0;0;3;3;23
847;12/02/2023 00:00;0;0;4;4;8
848;12/02/2023 00:00;0;0;21;22;16
849;12/02/2023 00:00;0;0;29;30;12
850;12/02/2023 00:30;0;0;1;1;27
851;12/02/2023 00:30;0;0;19;20;29
852;12/02/2023 01:00;0;0;6;6;5
853;12/02/2023 01:30;0;0;10;10;14
854;12/02/2023 03:00;0;0;25;26;7
855;12/02/2023 19:00;0;0;2;2;15
856;12/02/2023 20:00;0;0;27;28;9
857;14/02/2023 00:00;0;0;4;4;1
858;14/02/2023 00:00;0;0;6;6;27
859;14/02/2023 00:00;0;0;12;12;29
860;14/02/2023 00:00;0;0;22;23;11
861;14/02/2023 00:30;0;0;15;16;8
862;14/02/2023 00:30;0;0;19;20;3
863;14/02/2023 01:00;0;0;5;5;22
864;14/02/2023 01:00;0;0;20;21;19
865;14/02/2023 01:30;0;0;7;7;18
866;14/02/2023 03:00;0;0;10;10;30
867;14/02/2023 03:00;0;0;24;25;14
868;15/02/2023 00:30;0;0;27;28;22
869;15/02/2023 00:30;0;0;16;17;2
870;15/02/2023 02:00;0;0;23;24;26
871;15/02/2023 03:00;0;0;13;13;10
872;15/02/2023 03:00;0;0;24;25;30
873;16/02/2023 00:00;0;0;4;4;27
874;16/02/2023 00:00;0;0;12;12;5
875;16/02/2023 00:00;0;0;22;23;6
876;16/02/2023 00:30;0;0;1;1;20
877;16/02/2023 00:30;0;0;2;2;9
878;16/02/2023 00:30;0;0;3;3;16
879;16/02/2023 01:00;0;0;14;15;29
880;16/02/2023 01:00;0;0;20;21;11
881;16/02/2023 02:00;0;0;8;8;7
882;16/02/2023 03:00;0;0;13;14;19
883;17/02/2023 00:30;0;0;5;5;17
884;17/02/2023 01:00;0;0;17;18;30
885;17/02/2023 03:00;0;0;23;24;13
886;24/02/2023 00:00;0;0;6;6;8
887;24/02/2023 00:00;0;0;12;12;2
888;24/02/2023 00:00;0;0;21;22;9
889;24/02/2023 00:30;0;0;22;23;15
890;24/02/2023 00:30;0;0;27;28;19
891;24/02/2023 01:30;0;0;7;7;27
892;24/02/2023 02:00;0;0;28;29;21
893;24/02/2023 03:00;0;0;13;14;10
894;24/02/2023 03:00;0;0;25;26;25
895;25/02/2023 00:00;0;0;29;30;20
896;25/02/2023 00:30;0;0;1;1;6
897;25/02/2023 00:30;0;0;16;17;16
898;25/02/2023 01:00;0;0;17;18;4
899;25/02/2023 02:00;0;0;23;24;21
900;25/02/2023 03:00;0;0;5;5;3
901;25/02/2023 03:00;0;0;10;10;11
902;25/02/2023 03:30;0;0;13;13;26
903;25/02/2023 17:00;0;0;9;9;28
904;26/02/2023 00:00;0;0;4;4;16
905;26/02/2023 00:00;0;0;21;22;12
906;26/02/2023 00:30;0;0;19;20;19
907;26/02/2023 01:00;0;0;14;15;8
908;26/02/2023 01:30;0;0;22;23;2
909;26/02/2023 02:00;0;0;28;29;27
910;26/02/2023 18:00;0;0;16;17;24
911;26/02/2023 20:00;0;0;1;1;3
912;26/02/2023 20:30;0;0;5;5;30
913;26/02/2023 20:30;0;0;7;7;14
914;26/02/2023 23:00;0;0;6;6;28
915;27/02/2023 00:00;0;0;20;21;26
916;27/02/2023 00:30;0;0;10;10;18
917;27/02/2023 02:00;0;0;24;25;11
918;27/02/2023 03:00;0;0;8;8;13
919;28/02/2023 00:00;0;0;4;4;9
920;28/02/2023 00:00;0;0;22;23;16
921;28/02/2023 00:30;0;0;19;20;2
922;28/02/2023 01:00;0;0;18;19;22
923;01/03/2023 00:30;0;0;1;1;30
924;01/03/2023 00:30;0;0;3;3;17
925;01/03/2023 00:30;0;0;27;28;5
926;01/03/2023 01:00;0;0;11;11;8
927;01/03/2023 01:00;0;0;14;15;14
928;01/03/2023 01:00;0;0;20;21;26
929;01/03/2023 01:30;0;0;7;7;12
930;01/03/2023 02:00;0;0;28;29;27
931;01/03/2023 03:00;0;0;10;10;25
932;01/03/2023 03:00;0;0;13;13;18
933;02/03/2023 00:00;0;0;4;4;24
934;02/03/2023 00:00;0;0;9;9;5
935;02/03/2023 00:30;0;0;2;2;6
936;02/03/2023 00:30;0;0;15;16;23
937;02/03/2023 00:30;0;0;19;20;3
938;02/03/2023 01:00;0;0;11;11;15
939;02/03/2023 01:00;0;0;16;17;22
940;02/03/2023 01:00;0;0;20;21;14
941;02/03/2023 03:00;0;0;24;25;19
942;03/03/2023 00:00;0;0;29;30;28
943;03/03/2023 00:30;0;0;7;7;23
944;03/03/2023 01:30;0;0;26;27;12
945;03/03/2023 03:00;0;0;10;10;13
946;04/03/2023 00:00;0;0;4;4;22
947;04/03/2023 00:30;0;0;1;1;25
948;04/03/2023 00:30;0;0;2;2;3
949;04/03/2023 01:00;0;0;15;16;20
950;04/03/2023 01:00;0;0;5;5;24
951;04/03/2023 01:00;0;0;20;21;29
952;04/03/2023 03:00;0;0;8;8;15
953;04/03/2023 03:00;0;0;10;10;19
954;04/03/2023 03:00;0;0;25;26;13
955;04/03/2023 03:30;0;0;13;14;18
956;04/03/2023 22:00;0;0;29;30;28
957;05/03/2023 00:30;0;0;6;6;9
958;05/03/2023 01:00;0;0;15;16;1
959;05/03/2023 01:00;0;0;26;27;11
960;05/03/2023 01:30;0;0;16;17;23
961;05/03/2023 03:00;0;0;25;26;18
962;05/03/2023 18:00;0;0;7;7;24
963;05/03/2023 20:30;0;0;5;5;12
964;05/03/2023 20:30;0;0;13;14;10
965;05/03/2023 23:00;0;0;3;3;4
966;05/03/2023 23:00;0;0;21;22;25
967;06/03/2023 00:00;0;0;11;11;27
968;06/03/2023 00:00;0;0;20;21;29
969;06/03/2023 00:30;0;0;2;2;20
970;06/03/2023 03:00;0;0;13;13;15
971;07/03/2023 00:00;0;0;6;6;2
972;07/03/2023 00:00;0;0;12;12;23
973;07/03/2023 00:00;0;0;29;30;17
974;07/03/2023 00:30;0;0;15;16;1
975;07/03/2023 02:00;0;0;8;8;28
976;07/03/2023 03:00;0;0;25;26;19
977;08/03/2023 00:00;0;0;9;9;25
978;08/03/2023 00:00;0;0;21;22;17
979;08/03/2023 00:30;0;0;19;20;4
980;08/03/2023 00:30;0;0;17;18;23
981;08/03/2023 01:00;0;0;11;11;3
982;08/03/2023 01:00;0;0;20;21;10
983;08/03/2023 01:30;0;0;7;7;29
984;08/03/2023 03:00;0;0;13;14;15
985;09/03/2023 00:00;0;0;29;30;1
986;09/03/2023 00:30;0;0;2;2;25
987;09/03/2023 00:30;0;0;15;16;6
988;09/03/2023 00:30;0;0;18;19;7
989;09/03/2023 02:00;0;0;8;8;5
990;09/03/2023 02:00;0;0;23;24;21
991;09/03/2023 03:00;0;0;13;13;28
992;10/03/2023 00:00;0;0;9;9;4
993;10/03/2023 00:00;0;0;12;12;11
994;10/03/2023 00:00;0;0;21;22;29
995;10/03/2023 00:30;0;0;16;17;3
996;10/03/2023 03:00;0;0;14;15;10
997;10/03/2023 03:00;0;0;25;26;20
998;11/03/2023 00:00;0;0;22;23;25
999;11/03/2023 00:00;0;0;29;30;1
1000;11/03/2023 01:00;0;0;15;16;6
1001;11/03/2023 01:00;0;0;17;18;3
1002;11/03/2023 01:00;0;0;26;27;8
1003;11/03/2023 03:30;0;0;13;14;28
1004;11/03/2023 21:00;0;0;13;13;20
1005;12/03/2023 00:00;0;0;4;4;29
1006;12/03/2023 00:00;0;0;9;9;12
1007;12/03/2023 00:00;0;0;21;22;16
1008;12/03/2023 00:30;0;0;1;1;2
1009;12/03/2023 01:00;0;0;11;11;5
1010;12/03/2023 01:00;0;0;14;15;7
1011;12/03/2023 01:30;0;0;18;19;21
1012;12/03/2023 01:30;0;0;10;10;17
1013;12/03/2023 03:00;0;0;23;24;26
1014;12/03/2023 19:30;0;0;8;8;3
1015;12/03/2023 21:00;0;0;4;4;6
1016;12/03/2023 22:00;0;0;22;23;30
1017;12/03/2023 23:00;0;0;18;19;25
1018;12/03/2023 23:00;0;0;26;27;21
1019;13/03/2023 01:00;0;0;13;14;20
1020;13/03/2023 23:00;0;0;9;9;12
1021;13/03/2023 23:30;0;0;1;1;18
1022;13/03/2023 23:30;0;0;15;16;29
1023;13/03/2023 23:30;0;0;7;7;15
1024;14/03/2023 00:00;0;0;11;11;2
1025;14/03/2023 02:00;0;0;10;10;24
1026;14/03/2023 02:00;0;0;25;26;17
1027;14/03/2023 23:00;0;0;4;4;6
1028;14/03/2023 23:00;0;0;29;30;9
1029;14/03/2023 23:30;0;0;27;28;8
1030;15/03/2023 00:00;0;0;18;19;14
1031;15/03/2023 00:00;0;0;20;21;3
1032;15/03/2023 00:00;0;0;26;27;22
1033;15/03/2023 02:00;0;0;23;24;17
1034;15/03/2023 02:00;0;0;24;25;20
1035;15/03/2023 23:30;0;0;6;6;23
1036;15/03/2023 23:30;0;0;15;16;15
1037;16/03/2023 00:00;0;0;5;5;26
1038;16/03/2023 00:00;0;0;11;11;14
1039;16/03/2023 00:00;0;0;17;18;2
1040;16/03/2023 00:30;0;0;26;27;7
1041;16/03/2023 02:00;0;0;13;13;10
1042;16/03/2023 23:00;0;0;9;9;8
1043;16/03/2023 23:30;0;0;3;3;26
1044;16/03/2023 23:30;0;0;27;28;21
1045;17/03/2023 00:00;0;0;16;17;12
1046;17/03/2023 02:00;0;0;23;24;22
1047;17/03/2023 23:00;0;0;4;4;23
1048;17/03/2023 23:30;0;0;1;1;10
1049;17/03/2023 23:30;0;0;6;6;30
1050;18/03/2023 00:00;0;0;5;5;18
1051;18/03/2023 00:00;0;0;11;11;19
1052;18/03/2023 00:00;0;0;26;27;15
1053;18/03/2023 02:00;0;0;24;25;2
1054;18/03/2023 02:30;0;0;13;14;7
1055;18/03/2023 17:00;0;0;19;20;8
1056;18/03/2023 19:00;0;0;13;13;22
1057;18/03/2023 23:00;0;0;12;12;23
1058;18/03/2023 23:00;0;0;27;28;18
1059;19/03/2023 00:00;0;0;29;30;26
1060;19/03/2023 00:00;0;0;5;5;16
1061;19/03/2023 00:00;0;0;14;15;10
1062;19/03/2023 01:00;0;0;28;29;2
1063;19/03/2023 19:30;0;0;3;3;8
1064;19/03/2023 19:30;0;0;20;21;24
1065;19/03/2023 20:00;0;0;26;27;1
1066;19/03/2023 22:00;0;0;9;9;16
1067;19/03/2023 23:00;0;0;11;11;19
1068;20/03/2023 00:00;0;0;16;17;28
1069;20/03/2023 01:00;0;0;24;25;13
1070;20/03/2023 01:30;0;0;13;14;22
1071;20/03/2023 23:00;0;0;4;4;12
1072;20/03/2023 23:00;0;0;22;23;5
1073;20/03/2023 23:30;0;0;19;20;18
1074;21/03/2023 00:00;0;0;11;11;10
1075;21/03/2023 00:00;0;0;14;15;7
1076;21/03/2023 01:00;0;0;28;29;26
1077;21/03/2023 23:00;0;0;21;22;30
1078;21/03/2023 23:30;0;0;1;1;9
1079;21/03/2023 23:30;0;0;3;3;6
1080;22/03/2023 00:00;0;0;18;19;27
1081;22/03/2023 02:00;0;0;25;26;2
1082;22/03/2023 02:30;0;0;13;13;21
1083;22/03/2023 23:00;0;0;29;30;8
1084;22/03/2023 23:30;0;0;15;16;20
1085;22/03/2023 23:30;0;0;27;28;12
1086;22/03/2023 23:30;0;0;7;7;10
1087;23/03/2023 00:00;0;0;5;5;23
1088;23/03/2023 00:00;0;0;14;15;11
1089;23/03/2023 00:00;0;0;16;17;27
1090;23/03/2023 00:00;0;0;17;18;1
1091;23/03/2023 01:00;0;0;28;29;25
1092;23/03/2023 02:00;0;0;13;14;24
1093;23/03/2023 23:00;0;0;21;22;20
1094;23/03/2023 23:30;0;0;3;3;6
1095;24/03/2023 00:00;0;0;18;19;4
1096;24/03/2023 02:30;0;0;13;13;21
1097;24/03/2023 23:00;0;0;2;2;12
1098;24/03/2023 23:00;0;0;29;30;27
1099;24/03/2023 23:30;0;0;27;28;9
1100;25/03/2023 00:00;0;0;14;15;11
1101;25/03/2023 00:30;0;0;7;7;4
1102;25/03/2023 01:00;0;0;28;29;17
1103;25/03/2023 02:00;0;0;10;10;23
1104;25/03/2023 02:00;0;0;24;25;5
1105;25/03/2023 02:00;0;0;25;26;24
1106;25/03/2023 02:30;0;0;13;14;21
1107;25/03/2023 21:00;0;0;1;1;12
1108;26/03/2023 00:00;0;0;15;16;3
1109;26/03/2023 01:00;0;0;8;8;17
1110;26/03/2023 02:00;0;0;23;24;23
1111;26/03/2023 02:00;0;0;25;26;29
1112;26/03/2023 02:30;0;0;13;13;19
1113;26/03/2023 17:00;0;0;4;4;7
1114;26/03/2023 19:30;0;0;13;14;5
1115;26/03/2023 22:00;0;0;1;1;15
1116;26/03/2023 22:00;0;0;2;2;27
1117;26/03/2023 22:00;0;0;6;6;11
1118;26/03/2023 22:00;0;0;21;22;3
1119;26/03/2023 22:00;0;0;27;28;30
1120;26/03/2023 23:00;0;0;24;25;21
1121;27/03/2023 00:30;0;0;10;10;18
1122;27/03/2023 23:00;0;0;9;9;17
1123;27/03/2023 23:00;0;0;12;12;7
1124;27/03/2023 23:30;0;0;19;20;11
1125;28/03/2023 01:00;0;0;28;29;24
1126;28/03/2023 01:30;0;0;8;8;23
1127;28/03/2023 02:00;0;0;24;25;19
1128;28/03/2023 02:00;0;0;25;26;18
1129;28/03/2023 02:30;0;0;13;13;5
1130;28/03/2023 23:00;0;0;29;30;2
1131;28/03/2023 23:30;0;0;1;1;6
1132;28/03/2023 23:30;0;0;27;28;16
1133;29/03/2023 00:00;0;0;14;15;22
1134;29/03/2023 00:00;0;0;20;21;4
1135;29/03/2023 02:00;0;0;10;10;19
1136;29/03/2023 23:00;0;0;12;12;17
1137;29/03/2023 23:30;0;0;3;3;11
1138;29/03/2023 23:30;0;0;19;20;16
1139;29/03/2023 23:30;0;0;22;23;7
1140;30/03/2023 00:00;0;0;5;5;14
1141;30/03/2023 00:00;0;0;14;15;13
1142;30/03/2023 00:00;0;0;20;21;9
1143;30/03/2023 00:00;0;0;26;27;29
1144;30/03/2023 02:00;0;0;23;24;18
1145;30/03/2023 02:00;0;0;24;25;26
1146;30/03/2023 23:30;0;0;16;17;2
1147;31/03/2023 02:00;0;0;8;8;19
1148;31/03/2023 23:00;0;0;4;4;5
1149;31/03/2023 23:00;0;0;12;12;21
1150;31/03/2023 23:00;0;0;22;23;28
1151;31/03/2023 23:00;0;0;29;30;22
1152;31/03/2023 23:30;0;0;2;2;29
1153;31/03/2023 23:30;0;0;3;3;1
1154;31/03/2023 23:30;0;0;6;6;20
1155;01/04/2023 00:00;0;0;11;11;9
1156;01/04/2023 00:00;0;0;14;15;13
1157;01/04/2023 00:00;0;0;17;18;14
1158;01/04/2023 02:00;0;0;10;10;27
1159;01/04/2023 02:00;0;0;24;25;26
1160;01/04/2023 02:30;0;0;23;24;8
1161;01/04/2023 23:30;0;0;15;16;7
1162;02/04/2023 00:30;0;0;18;19;13
1163;02/04/2023 17:00;0;0;4;4;28
1164;02/04/2023 19:30;0;0;3;3;29
1165;02/04/2023 19:30;0;0;5;5;15
1166;02/04/2023 19:30;0;0;17;18;25
1167;02/04/2023 22:00;0;0;1;1;7
1168;02/04/2023 22:00;0;0;19;20;30
1169;02/04/2023 22:00;0;0;21;22;9
1170;02/04/2023 22:00;0;0;25;26;27
1171;02/04/2023 23:00;0;0;11;11;14
1172;02/04/2023 23:00;0;0;20;21;24
1173;03/04/2023 00:00;0;0;6;6;12
1174;03/04/2023 00:00;0;0;16;17;23
1175;03/04/2023 00:30;0;0;8;8;10
1176;04/04/2023 23:00;0;0;4;4;28
1177;04/04/2023 23:00;0;0;9;9;16
1178;04/04/2023 23:00;0;0;21;22;6
1179;04/04/2023 23:00;0;0;29;30;17
1180;04/04/2023 23:30;0;0;3;3;18
1181;05/04/2023 00:00;0;0;22;23;2
1182;05/04/2023 00:00;0;0;5;5;1
1183;05/04/2023 00:00;0;0;11;11;8
1184;05/04/2023 00:00;0;0;14;15;25
1185;05/04/2023 00:00;0;0;18;19;26
1186;05/04/2023 01:00;0;0;28;29;14
1187;05/04/2023 02:00;0;0;10;10;21
1188;05/04/2023 02:00;0;0;23;24;27
1189;05/04/2023 23:00;0;0;9;9;3
1190;05/04/2023 23:00;0;0;12;12;20
1191;05/04/2023 23:30;0;0;1;1;30
1192;05/04/2023 23:30;0;0;2;2;28
1193;05/04/2023 23:30;0;0;16;17;5
1194;06/04/2023 00:00;0;0;18;19;15
1195;06/04/2023 00:30;0;0;7;7;26
1196;06/04/2023 02:00;0;0;13;13;14
1197;06/04/2023 23:00;0;0;21;22;6
1198;06/04/2023 23:30;0;0;22;23;16
1199;07/04/2023 00:00;0;0;26;27;25
1200;07/04/2023 01:00;0;0;28;29;21
1201;07/04/2023 02:00;0;0;23;24;8
1202;07/04/2023 23:00;0;0;4;4;11
1203;07/04/2023 23:00;0;0;12;12;9
1204;07/04/2023 23:00;0;0;29;30;16
1205;07/04/2023 23:30;0;0;1;1;23
1206;07/04/2023 23:30;0;0;2;2;28
1207;07/04/2023 23:30;0;0;3;3;22
1208;08/04/2023 00:00;0;0;16;17;15
1209;08/04/2023 00:00;0;0;18;19;20
1210;08/04/2023 00:30;0;0;7;7;5
1211;08/04/2023 02:00;0;0;25;26;10
1212;08/04/2023 02:30;0;0;13;14;24
1213;08/04/2023 19:30;0;0;28;29;8
1214;08/04/2023 20:00;0;0;26;27;18
1215;08/04/2023 20:00;0;0;13;13;25
1216;09/04/2023 17:00;0;0;2;2;1
1217;09/04/2023 17:00;0;0;3;3;23
1218;09/04/2023 17:00;0;0;6;6;4
1219;09/04/2023 17:00;0;0;15;16;22
1220;09/04/2023 17:00;0;0;19;20;12
1221;09/04/2023 17:00;0;0;27;28;17
1222;09/04/2023 17:00;0;0;29;30;11
1223;09/04/2023 17:00;0;0;5;5;9
1224;09/04/2023 19:30;0;0;7;7;27
1225;09/04/2023 19:30;0;0;17;18;19
1226;09/04/2023 19:30;0;0;20;21;15
1227;09/04/2023 19:30;0;0;8;8;26
1228;09/04/2023 19:30;0;0;13;14;29
1229;09/04/2023 19:30;0;0;23;24;13
1230;09/04/2023 19:30;0;0;24;25;10
