CREATE DATABASE  IF NOT EXISTS `nba` /*!40100 DEFAULT CHARACTER SET utf8mb4 COLLATE utf8mb4_0900_ai_ci */ /*!80016 DEFAULT ENCRYPTION='N' */;
USE `nba`;
-- MySQL dump 10.13  Distrib 8.0.30, for Win64 (x86_64)
--
-- Host: 127.0.0.1    Database: nba
-- ------------------------------------------------------
-- Server version	8.0.30

/*!40101 SET @OLD_CHARACTER_SET_CLIENT=@@CHARACTER_SET_CLIENT */;
/*!40101 SET @OLD_CHARACTER_SET_RESULTS=@@CHARACTER_SET_RESULTS */;
/*!40101 SET @OLD_COLLATION_CONNECTION=@@COLLATION_CONNECTION */;
/*!50503 SET NAMES utf8 */;
/*!40103 SET @OLD_TIME_ZONE=@@TIME_ZONE */;
/*!40103 SET TIME_ZONE='+00:00' */;
/*!40014 SET @OLD_UNIQUE_CHECKS=@@UNIQUE_CHECKS, UNIQUE_CHECKS=0 */;
/*!40014 SET @OLD_FOREIGN_KEY_CHECKS=@@FOREIGN_KEY_CHECKS, FOREIGN_KEY_CHECKS=0 */;
/*!40101 SET @OLD_SQL_MODE=@@SQL_MODE, SQL_MODE='NO_AUTO_VALUE_ON_ZERO' */;
/*!40111 SET @OLD_SQL_NOTES=@@SQL_NOTES, SQL_NOTES=0 */;

--
-- Table structure for table `estadios`
--

DROP TABLE IF EXISTS `estadios`;
/*!40101 SET @saved_cs_client     = @@character_set_client */;
/*!50503 SET character_set_client = utf8mb4 */;
CREATE TABLE `estadios` (
  `id` int NOT NULL AUTO_INCREMENT,
  `nome` varchar(255) DEFAULT NULL,
  `localidade` varchar(255) DEFAULT NULL,
  PRIMARY KEY (`id`)
) ENGINE=InnoDB AUTO_INCREMENT=30 DEFAULT CHARSET=utf8mb4 COLLATE=utf8mb4_0900_ai_ci;
/*!40101 SET character_set_client = @saved_cs_client */;

--
-- Dumping data for table `estadios`
--

LOCK TABLES `estadios` WRITE;
/*!40000 ALTER TABLE `estadios` DISABLE KEYS */;
INSERT INTO `estadios` VALUES (1,'State Farm Arena','Atlanta, Georgia\r'),(2,'TD Garden','Boston, Massachusetts\r'),(3,'Barclays Center','Brooklyn, New York\r'),(4,'Spectrum Center','Charlotte, North Carolina\r'),(5,'United Center','Chicago, Illinois\r'),(6,'Rocket Mortgage Fieldhouse','Cleveland, Ohio\r'),(7,'American Airlines Center','Dallas, Texas\r'),(8,'Ball Arena','Denver, Colorado\r'),(9,'Little Caesars Arena','Detroit, Michigan\r'),(10,'Chase Center','San Francisco, California\r'),(11,'Toyota Center','Houston, Texas\r'),(12,'Gainbridge Fieldhouse','Indianapolis, Indiana\r'),(13,'Crypto.com Arena','Los Angeles, California\r'),(14,'FedExForum','Memphis, Tennessee\r'),(15,'FTX Arena','Miami, Florida\r'),(16,'Fiserv Forum','Milwaukee, Wisconsin\r'),(17,'Target Center','Minneapolis, Minnesota\r'),(18,'Smoothie King Center','New Orleans, Louisiana\r'),(19,'Madison Square Garden','New York City, New York\r'),(20,'Paycom Center','Oklahoma City, Oklahoma\r'),(21,'Amway Center','Orlando, Florida\r'),(22,'Wells Fargo Center','Philadelphia, Pennsylvania\r'),(23,'Footprint Center','Phoenix, Arizona\r'),(24,'Moda Center','Portland, Oregon\r'),(25,'Golden 1 Center','Sacramento, California\r'),(26,'AT&T Center','San Antonio, Texas\r'),(27,'Scotiabank Arena','Toronto, Ontario\r'),(28,'Vivint Arena','Salt Lake City, Utah\r'),(29,'Capital One Arena','Washington, D.C.\r');
/*!40000 ALTER TABLE `estadios` ENABLE KEYS */;
UNLOCK TABLES;

--
-- Table structure for table `jogadores`
--

DROP TABLE IF EXISTS `jogadores`;
/*!40101 SET @saved_cs_client     = @@character_set_client */;
/*!50503 SET character_set_client = utf8mb4 */;
CREATE TABLE `jogadores` (
  `id` int NOT NULL AUTO_INCREMENT,
  `nome` varchar(255) DEFAULT NULL,
  `posicao` varchar(3) DEFAULT NULL,
  `altura` varchar(10) DEFAULT NULL,
  `peso` varchar(10) DEFAULT NULL,
  `idade` int DEFAULT NULL,
  `camisa` int DEFAULT NULL,
  `dataNasc` varchar(10) DEFAULT NULL,
  `idTeam` int DEFAULT NULL,
  PRIMARY KEY (`id`),
  KEY `idTeam` (`idTeam`),
  CONSTRAINT `jogadores_ibfk_1` FOREIGN KEY (`idTeam`) REFERENCES `teams` (`id`)
) ENGINE=InnoDB AUTO_INCREMENT=501 DEFAULT CHARSET=utf8mb4 COLLATE=utf8mb4_0900_ai_ci;
/*!40101 SET character_set_client = @saved_cs_client */;

--
-- Dumping data for table `jogadores`
--

LOCK TABLES `jogadores` WRITE;
/*!40000 ALTER TABLE `jogadores` DISABLE KEYS */;
INSERT INTO `jogadores` VALUES (1,'Frank Kaminsky','F-C','7-0','240 lbs',29,0,'4-4-1993',1),(2,'Jalen Johnson','F','6-8','219 lbs',20,1,'18-12-2001',1),(3,'Trent Forrest','G','6-4','210 lbs',24,2,'12-6-1998',1),(4,'Aaron Holiday','G','6-0','185 lbs',26,3,'30-9-1996',1),(5,'Dejounte Murray','G','6-5','180 lbs',26,5,'19-9-1996',1),(6,'Jarrett Culver','G-F','6-6','195 lbs',23,7,'20-2-1999',1),(7,'Justin Holiday','F-G','6-6','180 lbs',33,8,'5-4-1989',1),(8,'Trae Young','G','6-1','164 lbs',24,11,'19-9-1998',1),(9,'DeAndre Hunter','F-G','6-8','221 lbs',24,12,'2-12-1997',1),(10,'Bogdan Bogdanovic','G','6-5','225 lbs',30,13,'18-8-1992',1),(11,'AJ Griffin','F','6-6','220 lbs',19,14,'25-8-2003',1),(12,'Clint Capela','C','6-10','256 lbs',28,15,'18-5-1994',1),(13,'Onyeka Okongwu','F-C','6-9','240 lbs',21,17,'11-12-2000',1),(14,'John Collins','F-C','6-9','226 lbs',25,20,'23-9-1997',1),(15,'Tyrese Martin','G','6-6','215 lbs',23,22,'7-3-1999',1),(16,'Vit Krejci','G','6-8','195 lbs',22,27,'19-6-2000',1),(17,'Jayson Tatum','F-G','6-8','210 lbs',24,0,'3-3-1998',2),(18,'Noah Vonleh','F','6-10','257 lbs',27,4,'24-8-1995',2),(19,'Jaylen Brown','G-F','6-6','223 lbs',26,7,'24-10-1996',2),(20,'Danilo Gallinari','F','6-10','236 lbs',34,8,'8-8-1988',2),(21,'Derrick White','G','6-4','190 lbs',28,9,'2-7-1994',2),(22,'Payton Pritchard','G','6-1','195 lbs',24,11,'28-1-1998',2),(23,'Grant Williams','F','6-6','236 lbs',23,12,'30-11-1998',2),(24,'Malcolm Brogdon','G','6-4','229 lbs',29,13,'11-12-1992',2),(25,'JD Davison','G','6-1','195 lbs',20,20,'3-10-2002',2),(26,'Mfiondu Kabengele','C','6-10','250 lbs',25,27,'14-8-1997',2),(27,'Sam Hauser','F','6-7','217 lbs',24,30,'8-12-1997',2),(28,'Marcus Smart','G','6-4','220 lbs',28,36,'6-3-1994',2),(29,'Luke Kornet','C-F','7-2','250 lbs',27,40,'15-7-1995',2),(30,'Al Horford','C-F','6-9','240 lbs',36,42,'3-6-1986',2),(31,'Robert Williams III','C-F','6-9','237 lbs',25,44,'17-10-1997',2),(32,'Justin Jackson','F','6-8','220 lbs',27,44,'28-3-1995',2),(33,'Blake Griffin','F','6-9','250 lbs',33,91,'16-3-1989',2),(34,'Royce ONeale','F','6-6','226 lbs',29,0,'5-6-1993',3),(35,'T.J. Warren','F','6-8','220 lbs',29,1,'5-9-1993',3),(36,'Edmond Sumner','G','6-4','196 lbs',26,4,'31-12-1995',3),(37,'David Duke Jr.','G','6-4','204 lbs',23,6,'13-10-1999',3),(38,'Kevin Durant','F','6-10','240 lbs',34,7,'29-9-1988',3),(39,'Patty Mills','G','6-0','180 lbs',34,8,'11-8-1988',3),(40,'Ben Simmons','G-F','6-10','240 lbs',26,10,'20-7-1996',3),(41,'Kyrie Irving','G','6-2','195 lbs',30,11,'23-3-1992',3),(42,'Joe Harris','G-F','6-6','220 lbs',31,12,'6-9-1991',3),(43,'Markieff Morris','F','6-9','245 lbs',33,13,'2-9-1989',3),(44,'Kessler Edwards','F','6-7','203 lbs',22,14,'9-8-2000',3),(45,'Yuta Watanabe','G-F','6-8','215 lbs',28,18,'13-10-1994',3),(46,'DayRon Sharpe','C','6-9','265 lbs',21,20,'6-11-2001',3),(47,'Cam Thomas','G','6-3','210 lbs',21,24,'13-10-2001',3),(48,'Seth Curry','G','6-1','185 lbs',32,30,'23-8-1990',3),(49,'Alondes Williams','G','6-4','210 lbs',23,31,'19-6-1999',3),(50,'Nic Claxton','C','6-11','215 lbs',23,33,'17-4-1999',3),(51,'LaMelo Ball','G','6-7','180 lbs',21,1,'22-8-2001',4),(52,'James Bouknight','G','6-4','190 lbs',22,2,'18-9-2000',4),(53,'Terry Rozier','G','6-1','190 lbs',28,3,'17-3-1994',4),(54,'Nick Richards','C','7-0','245 lbs',24,4,'29-11-1997',4),(55,'Mark Williams','C','7-0','240 lbs',20,5,'16-12-2001',4),(56,'Jalen McDaniels','F-C','6-9','205 lbs',24,6,'31-1-1998',4),(57,'Bryce McGowens','G','6-6','175 lbs',20,7,'8-11-2002',4),(58,'Dennis Smith Jr.','G','6-2','205 lbs',24,8,'25-11-1997',4),(59,'Theo Maledon','G','6-5','175 lbs',21,9,'12-6-2001',4),(60,'Cody Martin','F','6-6','205 lbs',27,11,'28-9-1995',4),(61,'Kelly Oubre Jr.','F-G','6-6','203 lbs',26,12,'9-12-1995',4),(62,'Gordon Hayward','F','6-7','225 lbs',32,20,'23-3-1990',4),(63,'JT Thor','F','6-9','203 lbs',20,21,'26-8-2002',4),(64,'Kai Jones','C-F','6-11','221 lbs',21,23,'19-1-2001',4),(65,'Mason Plumlee','F-C','7-0','254 lbs',32,24,'5-3-1990',4),(66,'P.J. Washington','F','6-7','230 lbs',24,25,'23-8-1998',4),(67,'Coby White','G','6-5','195 lbs',22,0,'16-2-2000',5),(68,'Lonzo Ball','G','6-6','190 lbs',25,2,'27-10-1997',5),(69,'Andre Drummond','C','6-11','279 lbs',29,3,'10-8-1993',5),(70,'Derrick Jones Jr.','F','6-6','210 lbs',25,5,'15-2-1997',5),(71,'Alex Caruso','G','6-5','186 lbs',28,6,'28-2-1994',5),(72,'Goran Dragic','G','6-4','190 lbs',36,7,'6-5-1986',5),(73,'Zach LaVine','G-F','6-5','200 lbs',27,8,'10-3-1995',5),(74,'Nikola Vucevic','C','6-10','260 lbs',32,9,'24-10-1990',5),(75,'DeMar DeRozan','G-F','6-6','220 lbs',33,11,'7-8-1989',5),(76,'Ayo Dosunmu','G','6-5','200 lbs',22,12,'17-1-2000',5),(77,'Tony Bradley','C-F','6-11','248 lbs',24,13,'8-1-1998',5),(78,'Malcolm Hill','F','6-6','220 lbs',27,14,'26-10-1995',5),(79,'Marko Simonovic','C','7-0','220 lbs',23,19,'15-10-1999',5),(80,'Javonte Green','G-F','6-5','205 lbs',29,24,'23-7-1993',5),(81,'Dalen Terry','F','6-7','195 lbs',20,25,'12-7-2002',5),(82,'Kostas Antetokounmpo','F','6-10','200 lbs',24,37,'20-11-1997',5),(83,'Patrick Williams','F','6-7','215 lbs',21,44,'26-8-2001',5),(84,'Kevin Love','F-C','6-8','251 lbs',34,0,'7-9-1988',6),(85,'Caris LeVert','G','6-6','205 lbs',28,3,'25-8-1994',6),(86,'Evan Mobley','C','6-11','215 lbs',21,4,'18-6-2001',6),(87,'Lamar Stevens','F','6-6','230 lbs',25,8,'9-7-1997',6),(88,'Dylan Windler','G-F','6-7','196 lbs',26,9,'22-9-1996',6),(89,'Darius Garland','G','6-1','192 lbs',22,10,'26-1-2000',6),(90,'Ricky Rubio','G','6-2','190 lbs',32,13,'21-10-1990',6),(91,'Isaiah Mobley','F','6-8','238 lbs',23,15,'24-9-1999',6),(92,'Cedi Osman','F','6-7','230 lbs',27,16,'8-4-1995',6),(93,'Raul Neto','G','6-2','180 lbs',30,19,'19-5-1992',6),(94,'Mamadi Diakite','F','6-9','228 lbs',25,21,'21-1-1997',6),(95,'Jarrett Allen','C','6-9','243 lbs',24,31,'21-4-1998',6),(96,'Dean Wade','F-C','6-9','228 lbs',25,32,'20-11-1996',6),(97,'Robin Lopez','C','7-0','281 lbs',34,33,'1-4-1988',6),(98,'Isaac Okoro','F-G','6-5','225 lbs',21,35,'26-1-2001',6),(99,'Donovan Mitchell','G','6-1','215 lbs',26,45,'7-9-1996',6),(100,'JaVale McGee','C-F','7-0','270 lbs',34,0,'19-1-1988',7),(101,'Theo Pinson','G-F','6-7','212 lbs',27,1,'5-11-1995',7),(102,'Facundo Campazzo','G','5-10','195 lbs',31,2,'23-3-1991',7),(103,'Jaden Hardy','G','6-3','198 lbs',20,3,'5-7-2002',7),(104,'Dwight Powell','F-C','6-10','240 lbs',31,7,'20-7-1991',7),(105,'Josh Green','G','6-7','200 lbs',21,8,'16-11-2000',7),(106,'Dorian Finney-Smith','F','6-7','220 lbs',29,10,'4-5-1993',7),(107,'Tim Hardaway Jr.','G-F','6-5','205 lbs',30,11,'16-3-1992',7),(108,'Frank Ntilikina','G','6-4','200 lbs',24,21,'28-7-1998',7),(109,'Tyler Dorsey','G','6-4','180 lbs',26,22,'18-2-1996',7),(110,'McKinley Wright IV','G','5-11','192 lbs',24,25,'25-10-1998',7),(111,'Reggie Bullock','G-F','6-6','205 lbs',31,25,'16-3-1991',7),(112,'Spencer Dinwiddie','G','6-5','215 lbs',29,26,'6-4-1993',7),(113,'Christian Wood','F','6-9','214 lbs',27,35,'27-9-1995',7),(114,'Maxi Kleber','F','6-10','240 lbs',30,42,'29-1-1992',7),(115,'Davis Bertans','F','6-10','225 lbs',30,44,'12-11-1992',7),(116,'Luka Doncic','F-G','6-7','230 lbs',23,77,'28-2-1999',7),(117,'Christian Braun','G','6-6','220 lbs',21,0,'17-4-2001',8),(118,'Michael Porter Jr.','F','6-10','218 lbs',24,1,'29-6-1998',8),(119,'Bones Hyland','G','6-2','169 lbs',22,3,'14-9-2000',8),(120,'Kentavious Caldwell-Pope','G','6-5','204 lbs',29,5,'18-2-1993',8),(121,'DeAndre Jordan','C','6-11','265 lbs',34,6,'21-7-1988',8),(122,'Peyton Watson','G','6-7','200 lbs',20,8,'11-9-2002',8),(123,'Davon Reed','G','6-5','206 lbs',27,9,'11-6-1995',8),(124,'Jack White','F','6-7','225 lbs',25,10,'5-8-1997',8),(125,'Bruce Brown','G-F','6-4','202 lbs',26,11,'15-8-1996',8),(126,'Ish Smith','G','6-0','175 lbs',34,14,'5-7-1988',8),(127,'Nikola Jokic','C','6-11','284 lbs',27,15,'19-2-1995',8),(128,'Collin Gillespie','G','6-1','195 lbs',23,21,'25-6-1999',8),(129,'Zeke Nnaji','F-C','6-9','240 lbs',21,22,'9-1-2001',8),(130,'Jamal Murray','G','6-4','215 lbs',25,27,'23-2-1997',8),(131,'Vlatko Cancar','F','6-8','236 lbs',25,31,'10-4-1997',8),(132,'Jeff Green','F','6-8','235 lbs',36,32,'28-8-1986',8),(133,'Aaron Gordon','F','6-8','235 lbs',27,50,'16-9-1995',8),(134,'Jalen Duren','C','6-11','250 lbs',18,0,'18-11-2003',9),(135,'Cade Cunningham','G','6-7','220 lbs',21,2,'25-9-2001',9),(136,'Nerlens Noel','C-F','6-10','220 lbs',28,3,'10-4-1994',9),(137,'Alec Burks','G','6-6','214 lbs',31,5,'20-7-1991',9),(138,'Hamidou Diallo','G','6-5','202 lbs',24,6,'31-7-1998',9),(139,'Killian Hayes','G','6-5','195 lbs',21,7,'27-7-2001',9),(140,'Braxton Key','F','6-8','225 lbs',25,8,'14-2-1997',9),(141,'Isaiah Livers','F','6-6','232 lbs',24,12,'28-7-1998',9),(142,'Rodney McGruder','G','6-4','205 lbs',31,17,'29-7-1991',9),(143,'Cory Joseph','G','6-3','200 lbs',31,18,'20-8-1991',9),(144,'Kevin Knox II','F','6-7','215 lbs',23,20,'11-8-1999',9),(145,'Jaden Ivey','G','6-4','195 lbs',20,23,'13-2-2002',9),(146,'Buddy Boeheim','F','6-6','205 lbs',23,27,'11-11-1999',9),(147,'Isaiah Stewart','F-C','6-8','250 lbs',21,28,'22-5-2001',9),(148,'Marvin Bagley III','F','6-10','235 lbs',23,35,'14-3-1999',9),(149,'Saddiq Bey','F','6-7','215 lbs',23,41,'9-4-1999',9),(150,'Bojan Bogdanovic','F','6-7','226 lbs',33,44,'18-4-1989',9),(151,'Jonathan Kuminga','F','6-7','225 lbs',20,0,'6-10-2002',10),(152,'Donte DiVincenzo','G','6-4','203 lbs',25,0,'31-1-1997',10),(153,'JaMychal Green','F-C','6-9','227 lbs',32,1,'21-6-1990',10),(154,'Ryan Rollins','G','6-3','180 lbs',20,2,'3-7-2002',10),(155,'Jordan Poole','G','6-4','194 lbs',23,3,'19-6-1999',10),(156,'Moses Moody','G','6-5','211 lbs',20,4,'31-5-2002',10),(157,'Kevon Looney','F','6-9','222 lbs',26,5,'6-2-1996',10),(158,'Patrick Baldwin Jr.','F','6-9','220 lbs',19,7,'18-11-2002',10),(159,'Andre Iguodala','G-F','6-6','215 lbs',38,9,'28-1-1984',10),(160,'Ty Jerome','G-F','6-5','195 lbs',25,10,'8-7-1997',10),(161,'Klay Thompson','G','6-6','220 lbs',32,11,'8-2-1990',10),(162,'Andrew Wiggins','F','6-7','197 lbs',27,22,'23-2-1995',10),(163,'Draymond Green','F','6-6','230 lbs',32,23,'4-3-1990',10),(164,'Stephen Curry','G','6-2','185 lbs',34,30,'14-3-1988',10),(165,'James Wiseman','C','7-0','240 lbs',21,33,'31-3-2001',10),(166,'Anthony Lamb','F','6-6','227 lbs',24,40,'20-1-1998',10),(167,'TyTy Washington Jr.','G','6-3','195 lbs',21,0,'15-11-2001',11),(168,'Jabari Smith Jr.','F','6-11','220 lbs',19,1,'13-5-2003',11),(169,'Kevin Porter Jr.','G-F','6-4','203 lbs',22,3,'4-5-2000',11),(170,'Jalen Green','G','6-4','186 lbs',20,4,'9-2-2002',11),(171,'Darius Days','F','6-7','245 lbs',23,5,'20-10-1999',11),(172,'Kenyon Martin Jr.','F','6-7','215 lbs',21,6,'6-1-2001',11),(173,'JaeSean Tate','F','6-5','230 lbs',27,8,'28-10-1995',11),(174,'Josh Christopher','G','6-4','215 lbs',20,9,'8-12-2001',11),(175,'Eric Gordon','G','6-3','215 lbs',33,10,'25-12-1988',11),(176,'Trevor Hudgins','G','6-0','180 lbs',23,12,'23-3-1999',11),(177,'Daishen Nix','G','6-4','226 lbs',20,15,'13-2-2002',11),(178,'Usman Garuba','F','6-8','229 lbs',20,16,'9-3-2002',11),(179,'Tari Eason','F','6-8','215 lbs',21,17,'10-5-2001',11),(180,'Bruno Fernando','F-C','6-10','240 lbs',24,20,'15-8-1998',11),(181,'Garrison Mathews','G','6-6','215 lbs',26,25,'24-10-1996',11),(182,'Alperen Sengun','C','6-11','243 lbs',20,28,'25-7-2002',11),(183,'Boban Marjanovic','C','7-4','290 lbs',34,51,'15-8-1988',11),(184,'Tyrese Haliburton','G','6-5','185 lbs',22,0,'29-2-2000',12),(185,'Bennedict Mathurin','G-F','6-5','210 lbs',20,0,'19-6-2002',12),(186,'Andrew Nembhard','G-F','6-3','191 lbs',22,2,'16-1-2000',12),(187,'Chris Duarte','G','6-5','190 lbs',25,3,'13-6-1997',12),(188,'Trevelin Queen','G','6-6','190 lbs',25,8,'25-2-1997',12),(189,'T.J. McConnell','G','6-1','190 lbs',30,9,'25-3-1992',12),(190,'Kendall Brown','G','6-7','205 lbs',19,10,'11-5-2003',12),(191,'Oshae Brissett','F-G','6-7','210 lbs',24,12,'20-6-1998',12),(192,'James Johnson','F','6-7','240 lbs',35,16,'20-2-1987',12),(193,'Terry Taylor','F','6-4','230 lbs',23,21,'23-9-1999',12),(194,'Isaiah Jackson','F','6-9','205 lbs',20,22,'10-1-2002',12),(195,'Aaron Nesmith','G-F','6-5','215 lbs',23,23,'16-10-1999',12),(196,'Buddy Hield','G','6-4','220 lbs',29,24,'17-12-1992',12),(197,'Jalen Smith','F-C','6-9','215 lbs',22,25,'16-3-2000',12),(198,'Daniel Theis','F-C','6-8','245 lbs',30,27,'4-4-1992',12),(199,'Myles Turner','C-F','6-11','250 lbs',26,33,'24-3-1996',12),(200,'Goga Bitadze','C-F','6-11','250 lbs',23,88,'20-7-1999',12),(201,'Reggie Jackson','G','6-2','208 lbs',32,1,'16-4-1990',13),(202,'Kawhi Leonard','F','6-7','225 lbs',31,2,'29-6-1991',13),(203,'Brandon Boston Jr.','G','6-6','188 lbs',20,4,'28-11-2001',13),(204,'Luke Kennard','G','6-5','206 lbs',26,5,'24-6-1996',13),(205,'Moses Brown','C','7-2','245 lbs',23,6,'13-10-1999',13),(206,'Amir Coffey','G-F','6-7','210 lbs',25,7,'17-6-1997',13),(207,'Marcus Morris Sr.','F','6-8','218 lbs',33,8,'2-9-1989',13),(208,'John Wall','G','6-3','210 lbs',32,11,'6-9-1990',13),(209,'Paul George','F','6-8','220 lbs',32,13,'2-5-1990',13),(210,'Terance Mann','G-F','6-5','215 lbs',26,14,'18-10-1996',13),(211,'Jason Preston','G','6-3','181 lbs',23,17,'10-8-1999',13),(212,'Robert Covington','F','6-7','209 lbs',31,23,'14-12-1990',13),(213,'Norman Powell','G','6-4','215 lbs',29,24,'25-5-1993',13),(214,'Moussa Diabate','F','6-10','210 lbs',20,25,'21-1-2002',13),(215,'Nicolas Batum','G-F','6-8','230 lbs',33,33,'14-12-1988',13),(216,'Ivica Zubac','C','7-0','240 lbs',25,40,'18-3-1997',13),(217,'Russell Westbrook','G','6-3','200 lbs',34,0,'12-11-1988',14),(218,'Anthony Davis','F-C','6-10','253 lbs',29,3,'11-3-1993',14),(219,'Lonnie Walker IV','G-F','6-4','204 lbs',23,4,'14-12-1998',14),(220,'LeBron James','F','6-9','250 lbs',37,6,'30-12-1984',14),(221,'Troy Brown Jr.','G-F','6-7','215 lbs',23,7,'28-7-1999',14),(222,'Max Christie','G','6-5','190 lbs',19,10,'10-2-2003',14),(223,'Kendrick Nunn','G','6-3','190 lbs',27,12,'3-8-1995',14),(224,'Scotty Pippen Jr.','G','6-1','170 lbs',22,14,'10-11-2000',14),(225,'Austin Reaves','G','6-5','197 lbs',24,15,'29-5-1998',14),(226,'Dennis Schroder','G','6-1','172 lbs',29,17,'15-9-1993',14),(227,'Cole Swider','F','6-9','220 lbs',23,20,'8-5-1999',14),(228,'Patrick Beverley','G','6-2','180 lbs',34,21,'12-7-1988',14),(229,'Damian Jones','C','6-11','245 lbs',27,30,'30-6-1995',14),(230,'Thomas Bryant','C-F','6-10','248 lbs',25,31,'31-7-1997',14),(231,'Wenyen Gabriel','F','6-9','205 lbs',25,35,'26-3-1997',14),(232,'Matt Ryan','F','6-6','215 lbs',25,37,'17-4-1997',14),(233,'Juan Toscano-Anderson','F','6-6','209 lbs',29,95,'10-4-1993',14),(234,'Kennedy Chandler','G','5-11','170 lbs',20,1,'16-9-2002',15),(235,'Xavier Tillman','F','6-7','245 lbs',23,2,'12-1-1999',15),(236,'Jake LaRavia','F','6-7','235 lbs',21,3,'3-11-2001',15),(237,'Steven Adams','C','6-11','265 lbs',29,4,'20-7-1993',15),(238,'Vince Williams Jr.','G','6-4','205 lbs',22,5,'30-8-2000',15),(239,'Kenneth Lofton Jr.','F','6-6','275 lbs',20,6,'14-8-2002',15),(240,'Santi Aldama','F-C','7-0','215 lbs',21,7,'10-1-2001',15),(241,'Ziaire Williams','F','6-9','185 lbs',21,8,'12-9-2001',15),(242,'Ja Morant','G','6-2','174 lbs',23,12,'10-8-1999',15),(243,'Jaren Jackson Jr.','F-C','6-10','242 lbs',23,13,'15-9-1999',15),(244,'Danny Green','G','6-6','215 lbs',35,14,'22-6-1987',15),(245,'Brandon Clarke','F','6-8','215 lbs',26,15,'19-9-1996',15),(246,'Tyus Jones','G','6-2','196 lbs',26,21,'10-5-1996',15),(247,'Desmond Bane','G','6-5','215 lbs',24,22,'25-6-1998',15),(248,'Dillon Brooks','G-F','6-6','225 lbs',26,24,'22-1-1996',15),(249,'David Roddy','F','6-4','255 lbs',21,27,'27-3-2001',15),(250,'John Konchar','G','6-5','210 lbs',26,46,'22-3-1996',15),(251,'Gabe Vincent','G','6-2','200 lbs',26,2,'14-6-1996',16),(252,'Victor Oladipo','G','6-3','213 lbs',30,4,'4-5-1992',16),(253,'Nikola Jovic','F','6-10','205 lbs',19,5,'9-6-2003',16),(254,'Kyle Lowry','G','6-0','196 lbs',36,7,'25-3-1986',16),(255,'Jamal Cain','F','6-6','191 lbs',23,8,'20-3-1999',16),(256,'Bam Adebayo','C-F','6-9','255 lbs',25,13,'18-7-1997',16),(257,'Tyler Herro','G','6-5','195 lbs',22,14,'20-1-2000',16),(258,'Caleb Martin','F','6-5','205 lbs',27,16,'28-9-1995',16),(259,'Dewayne Dedmon','C','6-10','245 lbs',33,21,'12-8-1989',16),(260,'Jimmy Butler','F','6-7','230 lbs',33,22,'14-9-1989',16),(261,'Haywood Highsmith','F','6-5','220 lbs',25,24,'9-12-1996',16),(262,'Orlando Robinson','C','6-10','235 lbs',22,25,'10-7-2000',16),(263,'Max Strus','G-F','6-5','215 lbs',26,31,'28-3-1996',16),(264,'Udonis Haslem','F','6-7','235 lbs',42,40,'9-6-1980',16),(265,'Duncan Robinson','F','6-7','215 lbs',28,55,'22-4-1994',16),(266,'Omer Yurtseven','C','6-11','275 lbs',24,77,'19-6-1998',16),(267,'MarJon Beauchamp','F','6-7','199 lbs',22,0,'12-10-2000',17),(268,'George Hill','G','6-4','188 lbs',36,3,'4-5-1986',17),(269,'Jevon Carter','G','6-1','200 lbs',27,5,'14-9-1995',17),(270,'Joe Ingles','F-G','6-9','220 lbs',35,7,'2-10-1987',17),(271,'Bobby Portis','F','6-11','250 lbs',27,9,'10-2-1995',17),(272,'Brook Lopez','C','7-1','282 lbs',34,11,'1-4-1988',17),(273,'Grayson Allen','G','6-4','198 lbs',27,12,'8-10-1995',17),(274,'Jordan Nwora','F','6-9','225 lbs',24,13,'9-9-1998',17),(275,'AJ Green','G','6-5','190 lbs',23,20,'27-9-1999',17),(276,'Jrue Holiday','G','6-5','205 lbs',32,21,'12-6-1990',17),(277,'Khris Middleton','F','6-7','222 lbs',31,22,'12-8-1991',17),(278,'Wesley Matthews','G','6-5','220 lbs',36,23,'14-10-1986',17),(279,'Pat Connaughton','G','6-5','209 lbs',29,24,'6-1-1993',17),(280,'Serge Ibaka','F','6-11','235 lbs',33,25,'18-9-1989',17),(281,'Giannis Antetokounmpo','F','7-0','243 lbs',27,34,'6-12-1994',17),(282,'Thanasis Antetokounmpo','F','6-7','219 lbs',30,43,'18-7-1992',17),(283,'Sandro Mamukelashvili','F-C','6-10','240 lbs',23,54,'23-5-1999',17),(284,'DAngelo Russell','G','6-4','193 lbs',26,0,'23-2-1996',18),(285,'Anthony Edwards','G','6-4','225 lbs',21,1,'5-8-2001',18),(286,'Jaden McDaniels','F','6-9','185 lbs',22,3,'29-9-2000',18),(287,'Jaylen Nowell','G','6-4','201 lbs',23,4,'9-7-1999',18),(288,'Kyle Anderson','F-G','6-9','230 lbs',29,5,'20-9-1993',18),(289,'Jordan McLaughlin','G','6-0','185 lbs',26,6,'9-4-1996',18),(290,'Wendell Moore Jr.','G','6-5','215 lbs',21,7,'18-9-2001',18),(291,'Josh Minott','F','6-8','205 lbs',19,8,'25-11-2002',18),(292,'Bryn Forbes','G','6-2','205 lbs',29,10,'23-7-1993',18),(293,'Naz Reid','C-F','6-9','264 lbs',23,11,'26-8-1999',18),(294,'Taurean Prince','F','6-6','218 lbs',28,12,'22-3-1994',18),(295,'Nathan Knight','F-C','6-8','253 lbs',25,13,'20-9-1997',18),(296,'Austin Rivers','G','6-4','200 lbs',30,25,'1-8-1992',18),(297,'Rudy Gobert','C','7-1','258 lbs',30,27,'26-6-1992',18),(298,'Karl-Anthony Towns','C-F','7-0','248 lbs',27,32,'15-11-1995',18),(299,'Luka Garza','C','6-10','243 lbs',23,55,'27-12-1998',18),(300,'E.J. Liddell','F','6-6','240 lbs',21,32,'18-12-2000',19),(301,'Dereon Seabron','G','6-5','180 lbs',22,0,'26-5-2000',19),(302,'Zion Williamson','F','6-6','284 lbs',22,1,'6-7-2000',19),(303,'CJ McCollum','G','6-3','190 lbs',31,3,'19-9-1991',19),(304,'Devonte Graham','G','6-1','195 lbs',27,4,'22-2-1995',19),(305,'Herbert Jones','F','6-7','206 lbs',24,5,'6-10-1998',19),(306,'Naji Marshall','F','6-7','220 lbs',24,8,'24-1-1998',19),(307,'Willy Hernangomez','C-F','6-11','250 lbs',28,9,'27-5-1994',19),(308,'Jaxson Hayes','C-F','7-0','220 lbs',22,10,'23-5-2000',19),(309,'Dyson Daniels','G','6-7','199 lbs',19,11,'17-3-2003',19),(310,'Kira Lewis Jr.','G','6-1','170 lbs',21,13,'6-4-2001',19),(311,'Brandon Ingram','F','6-8','190 lbs',25,14,'2-9-1997',19),(312,'Jose Alvarado','G','6-0','179 lbs',24,15,'12-4-1998',19),(313,'Jonas Valanciunas','C','6-11','265 lbs',30,17,'6-5-1992',19),(314,'Larry Nance Jr.','F-C','6-8','245 lbs',29,22,'1-1-1993',19),(315,'Trey Murphy III','F','6-8','206 lbs',22,25,'18-6-2000',19),(316,'Garrett Temple','G-F','6-6','195 lbs',36,41,'8-5-1986',19),(317,'Cam Reddish','F-G','6-7','217 lbs',23,0,'1-9-1999',20),(318,'Obi Toppin','F','6-9','220 lbs',24,1,'4-3-1998',20),(319,'Miles McBride','G','6-2','195 lbs',22,2,'8-9-2000',20),(320,'Trevor Keels','G','6-4','221 lbs',19,3,'26-8-2003',20),(321,'Derrick Rose','G','6-3','200 lbs',34,4,'4-10-1988',20),(322,'Immanuel Quickley','G','6-2','190 lbs',23,5,'17-6-1999',20),(323,'Quentin Grimes','G','6-5','210 lbs',22,6,'8-5-2000',20),(324,'RJ Barrett','F-G','6-6','214 lbs',22,9,'14-6-2000',20),(325,'Jalen Brunson','G','6-2','190 lbs',26,11,'31-8-1996',20),(326,'Evan Fournier','G-F','6-6','205 lbs',30,13,'29-10-1992',20),(327,'Svi Mykhailiuk','G-F','6-7','205 lbs',25,17,'10-6-1997',20),(328,'Mitchell Robinson','C-F','7-0','240 lbs',24,23,'1-4-1998',20),(329,'Julius Randle','F-C','6-8','250 lbs',27,30,'29-11-1994',20),(330,'Feron Hunt','F','6-8','195 lbs',23,44,'5-7-1999',20),(331,'Jericho Sims','C','6-10','250 lbs',24,45,'20-10-1998',20),(332,'Ryan Arcidiacono','G','6-3','195 lbs',28,51,'26-3-1994',20),(333,'Isaiah Hartenstein','C-F','7-0','250 lbs',24,55,'5-5-1998',20),(334,'Shai Gilgeous-Alexander','G','6-6','195 lbs',24,2,'12-7-1998',21),(335,'Josh Giddey','G','6-8','216 lbs',20,3,'10-10-2002',21),(336,'Luguentz Dort','G','6-4','220 lbs',23,5,'19-4-1999',21),(337,'Jaylin Williams','F','6-9','240 lbs',20,6,'29-6-2002',21),(338,'Chet Holmgren','C-F','7-1','195 lbs',20,7,'1-5-2002',21),(339,'Jalen Williams','G-F','6-5','211 lbs',21,8,'14-4-2001',21),(340,'Isaiah Joe','G','6-3','165 lbs',23,11,'2-7-1999',21),(341,'Lindy Waters III','F','6-6','210 lbs',25,12,'28-7-1997',21),(342,'Ousmane Dieng','F','6-9','185 lbs',19,13,'21-5-2003',21),(343,'Aleksej Pokusevski','F','7-0','210 lbs',20,17,'26-12-2001',21),(344,'Aaron Wiggins','G','6-5','190 lbs',23,21,'2-1-1999',21),(345,'Tre Mann','G','6-3','178 lbs',21,23,'3-2-2001',21),(346,'Mike Muscala','F-C','6-11','240 lbs',31,33,'1-7-1991',21),(347,'Kenrich Williams','G-F','6-6','210 lbs',27,34,'2-12-1994',21),(348,'Jeremiah Robinson-Earl','F','6-8','240 lbs',22,50,'3-11-2000',21),(349,'Darius Bazley','F','6-9','216 lbs',22,55,'12-6-2000',21),(350,'Eugene Omoruyi','F','6-6','235 lbs',25,97,'14-2-1997',21),(351,'Jonathan Isaac','F','6-10','230 lbs',25,1,'3-10-1997',22),(352,'Caleb Houstan','G','6-8','205 lbs',19,2,'9-1-2003',22),(353,'Chuma Okeke','F','6-8','229 lbs',24,3,'18-8-1998',22),(354,'Jalen Suggs','G','6-5','205 lbs',21,4,'3-6-2001',22),(355,'Paolo Banchero','F','6-10','250 lbs',20,5,'12-11-2002',22),(356,'Kevon Harris','G','6-6','216 lbs',25,7,'24-6-1997',22),(357,'Bol Bol','C-F','7-2','220 lbs',23,10,'16-11-1999',22),(358,'Mo Bamba','C','7-0','231 lbs',24,11,'12-5-1998',22),(359,'R.J. Hampton','G','6-4','175 lbs',21,13,'7-2-2001',22),(360,'Gary Harris','G','6-4','210 lbs',28,14,'14-9-1994',22),(361,'Markelle Fultz','G','6-4','209 lbs',24,20,'29-5-1998',22),(362,'Moritz Wagner','F-C','6-11','245 lbs',25,21,'26-4-1997',22),(363,'Franz Wagner','F','6-10','220 lbs',21,22,'27-8-2001',22),(364,'Admiral Schofield','F','6-5','241 lbs',25,25,'30-3-1997',22),(365,'Terrence Ross','G-F','6-7','206 lbs',31,31,'5-2-1991',22),(366,'Wendell Carter Jr.','C-F','6-10','270 lbs',23,34,'16-4-1999',22),(367,'Cole Anthony','G','6-3','185 lbs',22,50,'15-5-2000',22),(368,'Tyrese Maxey','G','6-2','200 lbs',22,0,'4-11-2000',23),(369,'James Harden','G','6-5','220 lbs',33,1,'26-8-1989',23),(370,'Montrezl Harrell','F-C','6-7','240 lbs',28,5,'26-1-1994',23),(371,'DeAnthony Melton','G','6-2','200 lbs',24,8,'28-5-1998',23),(372,'Jaden Springer','G','6-4','202 lbs',20,11,'25-9-2002',23),(373,'Tobias Harris','F','6-7','226 lbs',30,12,'15-7-1992',23),(374,'P.J. Tucker','F','6-5','245 lbs',37,17,'5-5-1985',23),(375,'Shake Milton','G-F','6-5','205 lbs',26,18,'26-9-1996',23),(376,'Georges Niang','F','6-7','230 lbs',29,20,'17-6-1993',23),(377,'Joel Embiid','C-F','7-0','280 lbs',28,21,'16-3-1994',23),(378,'Matisse Thybulle','G-F','6-5','201 lbs',25,22,'4-3-1997',23),(379,'Danuel House Jr.','F-G','6-6','220 lbs',29,25,'7-6-1993',23),(380,'Furkan Korkmaz','G-F','6-7','202 lbs',25,30,'24-7-1997',23),(381,'Michael Foster Jr.','F','6-8','250 lbs',19,35,'16-1-2003',23),(382,'Paul Reed','F','6-9','210 lbs',23,44,'14-6-1999',23),(383,'Julian Champagnie','F','6-7','217 lbs',21,55,'29-6-2001',23),(384,'Torrey Craig','F','6-7','221 lbs',31,0,'19-12-1990',24),(385,'Devin Booker','G','6-5','206 lbs',26,1,'30-10-1996',24),(386,'Josh Okogie','G','6-4','213 lbs',24,2,'1-9-1998',24),(387,'Chris Paul','G','6-0','175 lbs',37,3,'6-5-1985',24),(388,'Duane Washington Jr.','G','6-2','197 lbs',22,4,'24-3-2000',24),(389,'Damion Lee','G-F','6-5','210 lbs',30,10,'21-10-1992',24),(390,'Jock Landale','C','6-11','255 lbs',27,11,'25-10-1995',24),(391,'Ish Wainright','F','6-5','250 lbs',28,12,'12-9-1994',24),(392,'Landry Shamet','G','6-4','190 lbs',25,14,'13-3-1997',24),(393,'Cameron Payne','G','6-1','183 lbs',28,15,'8-8-1994',24),(394,'Bismack Biyombo','C','6-8','255 lbs',30,18,'28-8-1992',24),(395,'Dario Saric','F-C','6-10','225 lbs',28,20,'8-4-1994',24),(396,'Deandre Ayton','C','7-0','250 lbs',24,22,'23-7-1998',24),(397,'Cameron Johnson','F','6-8','210 lbs',26,23,'3-3-1996',24),(398,'Mikal Bridges','F','6-6','209 lbs',26,25,'30-8-1996',24),(399,'Jae Crowder','F','6-6','235 lbs',32,99,'6-7-1990',24),(400,'Damian Lillard','G','6-2','195 lbs',32,0,'15-7-1990',25),(401,'Gary Payton II','G','6-2','195 lbs',29,0,'1-12-1992',25),(402,'Anfernee Simons','G','6-3','181 lbs',23,1,'8-6-1999',25),(403,'Trendon Watford','F','6-8','237 lbs',22,2,'9-11-2000',25),(404,'Greg Brown III','F','6-7','206 lbs',21,4,'1-9-2001',25),(405,'Keon Johnson','G','6-3','185 lbs',20,6,'10-3-2002',25),(406,'Jerami Grant','F','6-8','210 lbs',28,9,'12-3-1994',25),(407,'Nassir Little','F-G','6-5','220 lbs',22,10,'11-2-2000',25),(408,'Josh Hart','G','6-4','215 lbs',27,11,'6-3-1995',25),(409,'Shaedon Sharpe','G','6-5','200 lbs',19,17,'30-5-2003',25),(410,'John Butler Jr.','F','7-0','190 lbs',19,21,'4-12-2002',25),(411,'Drew Eubanks','F-C','6-10','245 lbs',25,24,'1-2-1997',25),(412,'Justise Winslow','F-G','6-6','222 lbs',26,26,'26-3-1996',25),(413,'Jusuf Nurkic','C','7-0','290 lbs',28,27,'23-8-1994',25),(414,'Olivier Sarr','C','6-11','240 lbs',23,33,'20-2-1999',25),(415,'Jabari Walker','F','6-7','200 lbs',20,34,'30-7-2002',25),(416,'Malik Monk','G','6-3','200 lbs',24,0,'4-2-1998',26),(417,'Terence Davis','G','6-4','201 lbs',25,3,'16-5-1997',26),(418,'DeAaron Fox','G','6-3','185 lbs',24,5,'20-12-1997',26),(419,'Chimezie Metu','F-C','6-9','225 lbs',25,7,'22-3-1997',26),(420,'Matthew Dellavedova','G','6-3','200 lbs',32,8,'8-9-1990',26),(421,'Kevin Huerter','G-F','6-7','198 lbs',24,9,'27-8-1998',26),(422,'Domantas Sabonis','F-C','7-1','240 lbs',26,10,'3-5-1996',26),(423,'Keegan Murray','F','6-8','225 lbs',22,13,'19-8-2000',26),(424,'Davion Mitchell','G','6-0','202 lbs',24,15,'5-9-1998',26),(425,'Chima Moneke','F','6-5','223 lbs',26,19,'24-12-1995',26),(426,'Richaun Holmes','F','6-8','235 lbs',29,22,'15-10-1993',26),(427,'Keon Ellis','G','6-3','175 lbs',22,23,'8-1-2000',26),(428,'Alex Len','C','7-2','250 lbs',29,25,'16-6-1993',26),(429,'KZ Okpala','F-G','6-8','215 lbs',23,30,'28-4-1999',26),(430,'Harrison Barnes','F','6-8','225 lbs',30,40,'30-5-1992',26),(431,'Trey Lyles','F','6-9','234 lbs',27,41,'5-11-1995',26),(432,'Neemias Queta','C','7-0','248 lbs',23,88,'13-7-1999',26),(433,'Keldon Johnson','F-G','6-5','220 lbs',23,3,'11-10-1999',27),(434,'Josh Richardson','G','6-6','200 lbs',29,7,'15-9-1993',27),(435,'Jeremy Sochan','F','6-8','230 lbs',19,10,'20-5-2003',27),(436,'Blake Wesley','G','6-4','185 lbs',19,14,'16-3-2003',27),(437,'Doug McDermott','F','6-6','225 lbs',30,17,'3-1-1992',27),(438,'Isaiah Roby','F','6-8','230 lbs',24,18,'3-2-1998',27),(439,'Malaki Branham','F','6-4','180 lbs',19,22,'12-5-2003',27),(440,'Zach Collins','F-C','6-11','250 lbs',24,23,'19-11-1997',27),(441,'Devin Vassell','G-F','6-5','200 lbs',22,24,'23-8-2000',27),(442,'Jakob Poeltl','C','7-1','245 lbs',27,25,'15-10-1995',27),(443,'Dominick Barlow','F','6-9','215 lbs',19,26,'26-5-2003',27),(444,'Charles Bassey','C-F','6-9','230 lbs',22,28,'28-10-2000',27),(445,'Keita Bates-Diop','F','6-8','229 lbs',26,31,'23-1-1996',27),(446,'Tre Jones','G','6-1','185 lbs',22,33,'8-1-2000',27),(447,'Romeo Langford','G-F','6-5','216 lbs',23,35,'25-10-1999',27),(448,'Gorgui Dieng','C','6-10','248 lbs',32,41,'18-1-1990',27),(449,'Jordan Hall','G','6-7','215 lbs',20,55,'14-1-2002',27),(450,'O.G. Anunoby','F','6-7','232 lbs',25,3,'17-7-1997',28),(451,'Scottie Barnes','F','6-8','225 lbs',21,4,'1-8-2001',28),(452,'Precious Achiuwa','F','6-8','225 lbs',23,5,'19-9-1999',28),(453,'Ron Harper Jr.','F','6-5','245 lbs',22,8,'12-4-2000',28),(454,'Justin Champagnie','G-F','6-6','206 lbs',21,11,'29-6-2001',28),(455,'Jeff Dowtin Jr.','G','6-3','177 lbs',25,20,'10-5-1997',28),(456,'Thaddeus Young','F','6-8','235 lbs',34,21,'21-6-1988',28),(457,'Malachi Flynn','G','6-1','175 lbs',24,22,'9-5-1998',28),(458,'Fred VanVleet','G','6-0','197 lbs',28,23,'25-2-1994',28),(459,'Khem Birch','C','6-8','233 lbs',30,24,'28-9-1992',28),(460,'Chris Boucher','F-C','6-9','200 lbs',29,25,'11-1-1993',28),(461,'Otto Porter Jr.','F','6-8','198 lbs',29,32,'3-6-1993',28),(462,'Gary Trent Jr.','G-F','6-5','209 lbs',23,33,'18-1-1999',28),(463,'Christian Koloko','C','7-0','230 lbs',22,35,'20-6-2000',28),(464,'Juancho Hernangomez','F','6-9','214 lbs',27,41,'28-9-1995',28),(465,'Pascal Siakam','F','6-8','230 lbs',28,43,'2-4-1994',28),(466,'Dalano Banton','F','6-7','204 lbs',23,45,'7-11-1999',28),(467,'Talen Horton-Tucker','G','6-4','234 lbs',21,0,'25-11-2000',29),(468,'Jordan Clarkson','G','6-5','194 lbs',30,0,'7-6-1992',29),(469,'Collin Sexton','G','6-2','190 lbs',23,2,'4-1-1999',29),(470,'Malik Beasley','G','6-4','187 lbs',25,5,'26-11-1996',29),(471,'Nickeil Alexander-Walker','G','6-5','205 lbs',24,6,'2-9-1998',29),(472,'Jarred Vanderbilt','F','6-8','214 lbs',23,8,'3-4-1999',29),(473,'Leandro Bolmaro','F','6-6','200 lbs',22,10,'11-9-2000',29),(474,'Mike Conley','G','6-1','175 lbs',35,11,'11-10-1987',29),(475,'Simone Fontecchio','F','6-7','209 lbs',26,16,'9-12-1995',29),(476,'Udoka Azubuike','C-F','6-11','270 lbs',23,20,'17-9-1999',29),(477,'Rudy Gay','F-G','6-8','250 lbs',36,22,'17-8-1986',29),(478,'Lauri Markkanen','F-C','7-0','240 lbs',25,23,'22-5-1997',29),(479,'Walker Kessler','C','7-0','245 lbs',21,24,'26-7-2001',29),(480,'Micah Potter','C','6-8','248 lbs',24,25,'6-4-1998',29),(481,'Ochai Agbaji','G','6-5','215 lbs',22,30,'20-4-2000',29),(482,'Johnny Juzang','G','6-6','209 lbs',21,33,'17-3-2001',29),(483,'Kelly Olynyk','F-C','6-11','240 lbs',31,41,'19-4-1991',29),(484,'Johnny Davis','G','6-4','195 lbs',20,1,'27-2-2002',30),(485,'Bradley Beal','G','6-4','207 lbs',29,3,'28-6-1993',30),(486,'Will Barton','G','6-5','181 lbs',31,5,'6-1-1991',30),(487,'Kristaps Porzingis','F-C','7-3','240 lbs',27,6,'2-8-1995',30),(488,'Jordan Goodwin','G','6-3','200 lbs',24,7,'23-10-1998',30),(489,'Rui Hachimura','F','6-8','230 lbs',24,8,'8-2-1998',30),(490,'Deni Avdija','F','6-9','210 lbs',21,9,'3-1-2001',30),(491,'Vernon Carey Jr.','F-C','6-10','270 lbs',21,13,'25-2-2001',30),(492,'Isaiah Todd','F','6-9','219 lbs',21,14,'17-10-2001',30),(493,'Anthony Gill','F','6-8','230 lbs',30,16,'17-10-1992',30),(494,'Jordan Schakel','G','6-6','200 lbs',24,20,'13-6-1998',30),(495,'Daniel Gafford','F-C','6-10','234 lbs',24,21,'1-10-1998',30),(496,'Monte Morris','G','6-2','183 lbs',27,22,'27-6-1995',30),(497,'Corey Kispert','F','6-6','224 lbs',23,24,'3-3-1999',30),(498,'Kyle Kuzma','F','6-9','221 lbs',27,33,'24-7-1995',30),(499,'Delon Wright','G','6-5','185 lbs',30,55,'26-4-1992',30),(500,'Taj Gibson','F','6-9','232 lbs',37,67,'24-6-1985',30);
/*!40000 ALTER TABLE `jogadores` ENABLE KEYS */;
UNLOCK TABLES;

--
-- Table structure for table `jogos`
--

DROP TABLE IF EXISTS `jogos`;
/*!40101 SET @saved_cs_client     = @@character_set_client */;
/*!50503 SET character_set_client = utf8mb4 */;
CREATE TABLE `jogos` (
  `id` int NOT NULL AUTO_INCREMENT,
  `dataHora` datetime DEFAULT NULL,
  `pontosCasa` int DEFAULT NULL,
  `pontosVisitante` int DEFAULT NULL,
  `idEstadio` int DEFAULT NULL,
  `idTeamCasa` int DEFAULT NULL,
  `idTeamFora` int DEFAULT NULL,
  PRIMARY KEY (`id`),
  KEY `idEstadio` (`idEstadio`),
  KEY `idTeamCasa` (`idTeamCasa`),
  KEY `idTeamFora` (`idTeamFora`),
  CONSTRAINT `jogos_ibfk_1` FOREIGN KEY (`idEstadio`) REFERENCES `estadios` (`id`),
  CONSTRAINT `jogos_ibfk_2` FOREIGN KEY (`idTeamCasa`) REFERENCES `teams` (`id`),
  CONSTRAINT `jogos_ibfk_3` FOREIGN KEY (`idTeamFora`) REFERENCES `teams` (`id`)
) ENGINE=InnoDB AUTO_INCREMENT=1231 DEFAULT CHARSET=utf8mb4 COLLATE=utf8mb4_0900_ai_ci;
/*!40101 SET character_set_client = @saved_cs_client */;

--
-- Dumping data for table `jogos`
--

LOCK TABLES `jogos` WRITE;
/*!40000 ALTER TABLE `jogos` DISABLE KEYS */;
INSERT INTO `jogos` VALUES (1,'2022-10-18 23:30:00',126,117,2,2,23),(2,'2022-10-19 02:00:00',123,109,10,10,14),(3,'2022-10-19 23:00:00',113,109,9,9,22),(4,'2022-10-19 23:00:00',107,114,12,12,30),(5,'2022-10-19 23:30:00',117,107,1,1,11),(6,'2022-10-19 23:30:00',108,130,3,3,19),(7,'2022-10-19 23:30:00',108,116,15,16,5),(8,'2022-10-19 23:30:00',108,105,27,28,6),(9,'2022-10-19 23:30:00',115,112,14,15,20),(10,'2022-10-20 00:00:00',115,108,17,18,21),(11,'2022-10-20 00:00:00',102,129,26,27,4),(12,'2022-10-20 01:00:00',123,102,28,29,8),(13,'2022-10-20 02:00:00',107,105,23,24,7),(14,'2022-10-20 02:00:00',108,115,25,26,25),(15,'2022-10-20 23:30:00',88,90,22,23,17),(16,'2022-10-21 02:00:00',97,103,13,14,13),(17,'2022-10-21 23:00:00',112,124,4,4,19),(18,'2022-10-21 23:00:00',134,137,12,12,27),(19,'2022-10-21 23:00:00',102,100,29,30,5),(20,'2022-10-21 23:30:00',108,98,1,1,22),(21,'2022-10-21 23:30:00',109,105,3,3,28),(22,'2022-10-21 23:30:00',104,111,15,16,2),(23,'2022-10-21 23:30:00',130,106,19,20,9),(24,'2022-10-22 00:00:00',122,129,11,11,15),(25,'2022-10-22 00:00:00',126,132,17,18,29),(26,'2022-10-22 02:00:00',123,128,10,10,8),(27,'2022-10-22 02:00:00',113,111,24,25,24),(28,'2022-10-22 22:00:00',105,114,22,23,27),(29,'2022-10-22 23:00:00',124,115,12,12,9),(30,'2022-10-22 23:00:00',120,126,21,22,2),(31,'2022-10-23 00:00:00',112,109,15,16,28),(32,'2022-10-23 00:00:00',96,128,5,5,6),(33,'2022-10-23 00:00:00',125,105,16,17,11),(34,'2022-10-23 00:30:00',137,96,7,7,15),(35,'2022-10-23 01:00:00',122,117,8,8,21),(36,'2022-10-23 02:00:00',109,111,25,26,13),(37,'2022-10-23 19:30:00',104,106,13,14,25),(38,'2022-10-23 21:00:00',109,126,1,1,4),(39,'2022-10-23 23:00:00',117,107,6,6,30),(40,'2022-10-23 23:00:00',121,122,18,19,29),(41,'2022-10-24 00:00:00',106,116,20,21,18),(42,'2022-10-24 00:30:00',130,125,10,10,26),(43,'2022-10-24 02:00:00',95,112,13,13,24),(44,'2022-10-24 23:00:00',120,106,22,23,12),(45,'2022-10-24 23:30:00',90,98,15,16,28),(46,'2022-10-24 23:30:00',115,102,19,20,22),(47,'2022-10-25 00:00:00',120,102,5,5,2),(48,'2022-10-25 00:00:00',114,108,11,11,29),(49,'2022-10-25 00:00:00',134,124,14,15,3),(50,'2022-10-25 00:00:00',106,115,17,18,27),(51,'2022-10-25 02:00:00',135,110,24,25,8),(52,'2022-10-25 23:00:00',120,99,29,30,9),(53,'2022-10-25 23:30:00',113,111,18,19,7),(54,'2022-10-26 00:00:00',108,94,20,21,13),(55,'2022-10-26 02:00:00',134,105,23,24,10),(56,'2022-10-26 23:00:00',103,92,6,6,22),(57,'2022-10-26 23:00:00',113,118,9,9,1),(58,'2022-10-26 23:30:00',134,131,19,20,4),(59,'2022-10-26 23:30:00',119,109,27,28,23),(60,'2022-10-26 23:30:00',110,99,16,17,3),(61,'2022-10-27 00:00:00',124,109,5,5,12),(62,'2022-10-27 00:00:00',134,122,17,18,27),(63,'2022-10-27 01:00:00',109,101,28,29,11),(64,'2022-10-27 02:00:00',110,99,8,8,14),(65,'2022-10-27 02:00:00',98,119,24,25,16),(66,'2022-10-27 23:30:00',125,129,3,3,7),(67,'2022-10-28 00:00:00',118,110,20,21,13),(68,'2022-10-28 02:00:00',123,110,10,10,16),(69,'2022-10-28 02:00:00',110,125,25,26,15),(70,'2022-10-28 23:00:00',112,136,9,9,1),(71,'2022-10-28 23:00:00',113,93,21,22,4),(72,'2022-10-28 23:30:00',123,132,2,2,6),(73,'2022-10-28 23:30:00',90,112,27,28,23),(74,'2022-10-28 23:30:00',117,127,29,30,12),(75,'2022-10-29 00:00:00',119,108,16,17,20),(76,'2022-10-29 00:00:00',111,102,17,18,14),(77,'2022-10-29 00:30:00',129,124,26,27,5),(78,'2022-10-29 01:00:00',117,101,8,8,29),(79,'2022-10-29 02:00:00',124,111,23,24,19),(80,'2022-10-29 02:00:00',125,111,24,25,11),(81,'2022-10-29 22:00:00',119,113,25,26,16),(82,'2022-10-29 23:00:00',120,113,4,4,10),(83,'2022-10-29 23:30:00',116,125,3,3,12),(84,'2022-10-30 00:00:00',109,114,5,5,23),(85,'2022-10-30 00:00:00',123,115,16,17,1),(86,'2022-10-30 01:00:00',111,117,7,7,21),(87,'2022-10-30 01:00:00',124,123,28,29,15),(88,'2022-10-30 19:00:00',91,112,13,13,19),(89,'2022-10-30 22:00:00',112,94,2,2,30),(90,'2022-10-30 22:00:00',121,108,6,6,20),(91,'2022-10-30 22:00:00',128,114,9,9,10),(92,'2022-10-30 23:00:00',107,98,26,27,18),(93,'2022-10-30 23:30:00',114,105,7,7,22),(94,'2022-10-31 01:00:00',124,109,23,24,11),(95,'2022-10-31 01:30:00',121,110,13,14,8),(96,'2022-10-31 23:00:00',108,115,4,4,26),(97,'2022-10-31 23:00:00',111,118,29,30,23),(98,'2022-10-31 23:30:00',116,109,3,3,12),(99,'2022-10-31 23:30:00',139,109,27,28,1),(100,'2022-11-01 00:00:00',110,108,16,17,9),(101,'2022-11-01 01:00:00',121,105,28,29,15),(102,'2022-11-01 02:30:00',95,93,13,13,11),(103,'2022-11-01 23:30:00',99,108,3,3,5),(104,'2022-11-01 23:30:00',116,109,15,16,10),(105,'2022-11-02 00:00:00',116,108,20,21,22),(106,'2022-11-02 02:00:00',116,107,23,24,18),(107,'2022-11-02 22:00:00',111,121,22,23,30),(108,'2022-11-02 23:30:00',114,113,6,6,2),(109,'2022-11-02 23:30:00',110,107,15,16,26),(110,'2022-11-02 23:30:00',99,112,19,20,1),(111,'2022-11-03 00:00:00',106,88,5,5,4),(112,'2022-11-03 00:00:00',101,109,11,11,13),(113,'2022-11-03 00:00:00',116,91,16,17,9),(114,'2022-11-03 00:00:00',100,143,26,27,28),(115,'2022-11-03 00:30:00',103,100,7,7,29),(116,'2022-11-03 02:00:00',106,111,24,25,15),(117,'2022-11-03 02:30:00',120,117,13,14,19),(118,'2022-11-03 23:00:00',130,129,21,22,10),(119,'2022-11-04 00:00:00',110,122,20,21,8),(120,'2022-11-04 23:00:00',88,112,9,9,6),(121,'2022-11-04 23:00:00',101,99,12,12,16),(122,'2022-11-04 23:00:00',104,106,22,23,20),(123,'2022-11-04 23:00:00',86,128,29,30,3),(124,'2022-11-04 23:30:00',123,119,2,2,5),(125,'2022-11-05 00:00:00',130,99,14,15,4),(126,'2022-11-05 00:00:00',106,113,26,27,13),(127,'2022-11-05 00:30:00',111,110,7,7,28),(128,'2022-11-05 00:30:00',114,105,18,19,10),(129,'2022-11-05 02:00:00',102,115,17,18,17),(130,'2022-11-05 02:00:00',106,108,23,24,25),(131,'2022-11-05 02:30:00',116,130,13,14,29),(132,'2022-11-05 21:00:00',123,126,21,22,26),(133,'2022-11-05 23:00:00',94,98,4,4,3),(134,'2022-11-05 23:30:00',124,121,1,1,19),(135,'2022-11-05 23:30:00',118,133,19,20,2),(136,'2022-11-06 00:00:00',108,94,16,17,21),(137,'2022-11-06 00:00:00',129,117,17,18,11),(138,'2022-11-06 01:00:00',126,101,8,8,27),(139,'2022-11-06 02:00:00',102,82,23,24,25),(140,'2022-11-06 20:30:00',100,114,13,14,6),(141,'2022-11-06 23:00:00',113,104,27,28,5),(142,'2022-11-06 23:00:00',103,97,14,15,30),(143,'2022-11-07 03:00:00',102,110,13,13,29),(144,'2022-11-08 00:00:00',100,108,4,4,30),(145,'2022-11-08 00:13:00',127,134,21,22,11),(146,'2022-11-08 00:30:00',112,103,9,9,21),(147,'2022-11-08 00:45:00',129,122,12,12,19),(148,'2022-11-08 01:00:00',100,88,22,23,24),(149,'2022-11-08 01:13:00',117,98,1,1,17),(150,'2022-11-08 01:30:00',107,110,15,16,25),(151,'2022-11-08 01:45:00',111,97,5,5,28),(152,'2022-11-08 02:00:00',106,109,14,15,2),(153,'2022-11-08 02:13:00',107,120,17,18,20),(154,'2022-11-08 02:30:00',109,115,26,27,8),(155,'2022-11-08 02:45:00',96,94,7,7,3),(156,'2022-11-08 03:00:00',116,113,10,10,26),(157,'2022-11-08 03:13:00',139,116,28,29,14),(158,'2022-11-08 03:30:00',119,117,13,13,6),(159,'2022-11-09 22:30:00',94,87,21,22,7),(160,'2022-11-10 00:00:00',95,105,4,4,25),(161,'2022-11-10 00:00:00',119,122,12,12,8),(162,'2022-11-10 00:30:00',119,125,1,1,29),(163,'2022-11-10 00:30:00',128,112,2,2,9),(164,'2022-11-10 00:30:00',112,85,3,3,20),(165,'2022-11-10 00:30:00',116,109,27,28,11),(166,'2022-11-10 01:00:00',111,115,5,5,19),(167,'2022-11-10 01:00:00',117,129,17,18,24),(168,'2022-11-10 01:00:00',132,136,20,21,17),(169,'2022-11-10 01:00:00',122,124,26,27,15),(170,'2022-11-10 03:00:00',114,101,13,13,14),(171,'2022-11-10 03:00:00',127,120,25,26,6),(172,'2022-11-11 00:00:00',113,105,29,30,7),(173,'2022-11-11 00:30:00',104,95,1,1,23),(174,'2022-11-11 00:30:00',117,112,15,16,4),(175,'2022-11-11 01:00:00',95,106,18,19,25),(176,'2022-11-12 00:00:00',131,112,2,2,8),(177,'2022-11-12 00:00:00',114,97,21,22,24),(178,'2022-11-12 00:30:00',121,112,19,20,9),(179,'2022-11-12 01:00:00',132,113,20,21,28),(180,'2022-11-12 01:00:00',111,93,26,27,17),(181,'2022-11-12 02:30:00',114,103,14,15,18),(182,'2022-11-12 03:00:00',106,101,10,10,6),(183,'2022-11-12 03:30:00',114,120,13,14,26),(184,'2022-11-12 21:00:00',95,110,13,13,3),(185,'2022-11-12 23:00:00',121,112,29,30,29),(186,'2022-11-13 00:00:00',108,117,9,9,2),(187,'2022-11-13 00:00:00',118,104,12,12,28),(188,'2022-11-13 00:30:00',121,109,22,23,1),(189,'2022-11-13 01:00:00',132,115,15,16,4),(190,'2022-11-13 01:30:00',117,112,7,7,25),(191,'2022-11-13 01:30:00',119,106,18,19,11),(192,'2022-11-13 17:00:00',135,145,19,20,21),(193,'2022-11-13 23:00:00',124,129,6,6,18),(194,'2022-11-13 23:00:00',102,92,29,30,15),(195,'2022-11-14 00:30:00',105,98,22,23,29),(196,'2022-11-14 01:00:00',103,126,5,5,8),(197,'2022-11-14 02:00:00',122,115,25,26,10),(198,'2022-11-14 02:30:00',116,103,13,14,3),(199,'2022-11-15 00:00:00',111,115,9,9,28),(200,'2022-11-15 00:00:00',105,112,21,22,4),(201,'2022-11-15 00:30:00',126,122,2,2,21),(202,'2022-11-15 00:30:00',113,112,15,16,24),(203,'2022-11-15 01:00:00',106,122,11,11,13),(204,'2022-11-15 01:00:00',106,121,16,17,1),(205,'2022-11-15 03:00:00',132,95,10,10,27),(206,'2022-11-16 00:30:00',113,102,18,19,15),(207,'2022-11-16 01:30:00',103,101,7,7,13),(208,'2022-11-16 02:00:00',111,118,28,29,20),(209,'2022-11-16 03:00:00',117,110,24,25,27),(210,'2022-11-16 03:00:00',153,121,25,26,3),(211,'2022-11-17 00:00:00',113,125,4,4,12),(212,'2022-11-17 00:00:00',108,126,21,22,18),(213,'2022-11-17 00:00:00',120,121,29,30,21),(214,'2022-11-17 00:30:00',101,126,1,1,2),(215,'2022-11-17 00:30:00',112,104,27,28,16),(216,'2022-11-17 01:00:00',113,98,16,17,6),(217,'2022-11-17 01:00:00',124,110,18,19,5),(218,'2022-11-17 01:30:00',92,101,7,7,11),(219,'2022-11-17 03:00:00',103,106,8,8,20),(220,'2022-11-17 03:00:00',130,119,23,24,10),(221,'2022-11-18 03:00:00',107,109,24,25,3),(222,'2022-11-18 03:00:00',130,112,25,26,27),(223,'2022-11-18 03:30:00',96,91,13,13,9),(224,'2022-11-19 00:00:00',107,106,29,30,16),(225,'2022-11-19 00:30:00',132,122,6,6,4),(226,'2022-11-19 00:30:00',110,102,22,23,17),(227,'2022-11-19 01:00:00',107,108,5,5,22),(228,'2022-11-19 01:00:00',91,99,11,11,12),(229,'2022-11-19 01:00:00',121,110,14,15,21),(230,'2022-11-19 01:30:00',127,99,7,7,8),(231,'2022-11-19 01:30:00',109,117,18,19,2),(232,'2022-11-19 02:00:00',134,133,28,29,24),(233,'2022-11-19 03:00:00',111,101,10,10,20),(234,'2022-11-19 03:30:00',128,121,13,14,9),(235,'2022-11-19 23:00:00',124,122,1,1,28),(236,'2022-11-20 00:00:00',114,113,12,12,22),(237,'2022-11-20 00:30:00',109,112,22,23,18),(238,'2022-11-20 03:00:00',113,118,24,25,29),(239,'2022-11-20 03:30:00',119,97,13,13,27),(240,'2022-11-20 20:30:00',116,95,23,24,20),(241,'2022-11-20 23:00:00',106,102,29,30,4),(242,'2022-11-20 23:00:00',137,129,25,26,9),(243,'2022-11-21 00:00:00',127,115,3,3,15),(244,'2022-11-21 00:00:00',113,87,6,6,16),(245,'2022-11-21 00:00:00',120,127,11,11,10),(246,'2022-11-21 00:30:00',97,98,7,7,8),(247,'2022-11-21 02:30:00',123,92,13,14,27),(248,'2022-11-22 00:00:00',114,102,6,6,1),(249,'2022-11-22 00:00:00',123,102,12,12,22),(250,'2022-11-22 01:00:00',121,107,5,5,2),(251,'2022-11-22 01:00:00',119,111,16,17,25),(252,'2022-11-22 01:00:00',105,101,17,18,16),(253,'2022-11-22 01:00:00',128,83,18,19,10),(254,'2022-11-22 01:00:00',119,129,20,21,20),(255,'2022-11-22 03:30:00',121,114,13,13,29),(256,'2022-11-23 00:30:00',115,106,22,23,3),(257,'2022-11-23 01:00:00',109,113,14,15,26),(258,'2022-11-23 02:00:00',108,110,8,8,9),(259,'2022-11-23 03:00:00',115,105,23,24,14),(260,'2022-11-24 00:00:00',107,101,4,4,23),(261,'2022-11-24 00:00:00',114,96,6,6,25),(262,'2022-11-24 00:00:00',101,115,12,12,18),(263,'2022-11-24 00:30:00',115,106,1,1,26),(264,'2022-11-24 00:30:00',125,112,2,2,7),(265,'2022-11-24 00:30:00',113,105,15,16,30),(266,'2022-11-24 00:30:00',98,112,27,28,3),(267,'2022-11-24 01:00:00',113,118,16,17,5),(268,'2022-11-24 01:00:00',126,131,20,21,8),(269,'2022-11-24 01:00:00',110,129,26,27,19),(270,'2022-11-24 02:00:00',116,125,28,29,9),(271,'2022-11-24 03:00:00',124,107,10,10,13),(272,'2022-11-25 22:00:00',110,108,4,4,18),(273,'2022-11-26 00:00:00',99,107,21,22,23),(274,'2022-11-26 00:30:00',129,132,19,20,25),(275,'2022-11-26 01:00:00',122,104,2,2,26),(276,'2022-11-26 01:00:00',128,117,12,12,3),(277,'2022-11-26 01:00:00',110,107,15,16,30),(278,'2022-11-26 01:00:00',128,122,11,11,1),(279,'2022-11-26 01:00:00',132,111,14,15,19),(280,'2022-11-26 01:00:00',117,102,16,17,6),(281,'2022-11-26 01:00:00',123,119,20,21,5),(282,'2022-11-26 01:00:00',94,105,26,27,14),(283,'2022-11-26 02:00:00',108,102,23,24,9),(284,'2022-11-26 03:00:00',129,118,10,10,29),(285,'2022-11-26 03:30:00',104,114,13,13,8),(286,'2022-11-26 22:00:00',105,100,27,28,7),(287,'2022-11-27 01:00:00',118,105,11,11,21),(288,'2022-11-27 01:00:00',138,143,26,27,14),(289,'2022-11-27 02:00:00',113,112,23,24,29),(290,'2022-11-27 20:00:00',111,97,3,3,25),(291,'2022-11-27 20:30:00',114,137,17,18,10),(292,'2022-11-27 21:00:00',114,100,13,13,12),(293,'2022-11-27 22:00:00',98,106,1,1,16),(294,'2022-11-27 23:00:00',130,121,2,2,30),(295,'2022-11-27 23:00:00',94,102,9,9,6),(296,'2022-11-27 23:00:00',123,127,19,20,15),(297,'2022-11-27 23:00:00',103,133,21,22,23),(298,'2022-11-28 01:00:00',124,115,16,17,7),(299,'2022-11-29 00:00:00',104,101,22,23,1),(300,'2022-11-29 00:00:00',142,127,29,30,18),(301,'2022-11-29 00:30:00',140,105,2,2,4),(302,'2022-11-29 00:30:00',109,102,3,3,22),(303,'2022-11-29 00:30:00',100,88,27,28,6),(304,'2022-11-29 01:00:00',105,101,18,19,21),(305,'2022-11-29 02:00:00',129,113,8,8,11),(306,'2022-11-29 02:00:00',107,114,28,29,5),(307,'2022-11-29 03:00:00',117,122,25,26,24),(308,'2022-11-29 03:30:00',115,116,13,14,12),(309,'2022-11-30 00:00:00',110,140,9,9,20),(310,'2022-11-30 00:30:00',116,113,7,7,10),(311,'2022-11-30 03:00:00',112,118,24,25,13),(312,'2022-12-01 00:00:00',113,85,6,6,23),(313,'2022-12-01 00:00:00',108,125,21,22,1),(314,'2022-12-01 00:30:00',134,121,2,2,16),(315,'2022-12-01 00:30:00',113,107,3,3,30),(316,'2022-12-01 00:30:00',103,109,19,20,17),(317,'2022-12-01 01:00:00',109,101,17,18,15),(318,'2022-12-01 01:00:00',126,108,18,19,28),(319,'2022-12-01 01:00:00',119,111,20,21,27),(320,'2022-12-01 02:00:00',120,100,8,8,11),(321,'2022-12-01 02:00:00',132,113,23,24,5),(322,'2022-12-01 02:00:00',125,112,28,29,13),(323,'2022-12-01 03:00:00',137,114,25,26,12),(324,'2022-12-01 03:30:00',128,109,13,14,25),(325,'2022-12-02 00:00:00',131,125,9,9,7),(326,'2022-12-03 00:00:00',117,116,4,4,30),(327,'2022-12-03 00:30:00',117,109,1,1,8),(328,'2022-12-03 00:30:00',116,120,2,2,16),(329,'2022-12-03 00:30:00',114,105,3,3,28),(330,'2022-12-03 00:30:00',107,96,6,6,22),(331,'2022-12-03 00:30:00',129,133,16,17,14),(332,'2022-12-03 01:00:00',117,109,14,15,23),(333,'2022-12-03 01:00:00',99,117,26,27,19),(334,'2022-12-03 02:00:00',121,122,23,24,11),(335,'2022-12-03 02:00:00',139,119,28,29,12),(336,'2022-12-03 03:00:00',119,111,10,10,5),(337,'2022-12-03 17:30:00',100,121,19,20,7),(338,'2022-12-03 21:00:00',96,123,13,13,26),(339,'2022-12-03 23:00:00',96,105,4,4,17),(340,'2022-12-04 01:00:00',121,108,27,28,22),(341,'2022-12-04 01:00:00',128,135,17,18,21),(342,'2022-12-04 01:30:00',120,101,10,10,11),(343,'2022-12-04 02:00:00',111,116,28,29,25),(344,'2022-12-04 20:30:00',121,106,18,19,8),(345,'2022-12-04 21:00:00',95,133,26,27,24),(346,'2022-12-04 23:00:00',92,103,3,3,2),(347,'2022-12-04 23:00:00',112,122,9,9,15),(348,'2022-12-04 23:00:00',92,81,19,20,6),(349,'2022-12-04 23:00:00',119,130,29,30,14),(350,'2022-12-04 23:00:00',110,101,25,26,5),(351,'2022-12-05 02:00:00',116,100,24,25,12),(352,'2022-12-06 00:00:00',117,119,4,4,13),(353,'2022-12-06 00:00:00',102,109,21,22,17),(354,'2022-12-06 00:30:00',114,121,1,1,21),(355,'2022-12-06 00:30:00',110,116,27,28,2),(356,'2022-12-06 01:00:00',132,123,11,11,23),(357,'2022-12-06 01:00:00',101,93,14,15,16),(358,'2022-12-06 01:30:00',130,111,7,7,24),(359,'2022-12-06 03:00:00',104,112,10,10,12),(360,'2022-12-07 00:30:00',116,102,6,6,14),(361,'2022-12-07 00:30:00',96,116,15,16,9),(362,'2022-12-07 03:00:00',115,116,8,8,7),(363,'2022-12-08 00:00:00',116,111,21,22,13),(364,'2022-12-08 00:30:00',122,116,3,3,4),(365,'2022-12-08 00:30:00',113,89,19,20,1),(366,'2022-12-08 00:30:00',126,113,27,28,14),(367,'2022-12-08 01:00:00',115,111,5,5,30),(368,'2022-12-08 01:00:00',123,102,14,15,21),(369,'2022-12-08 01:00:00',126,113,16,17,26),(370,'2022-12-08 01:00:00',121,115,17,18,12),(371,'2022-12-08 01:00:00',104,98,18,19,9),(372,'2022-12-08 02:00:00',124,123,28,29,10),(373,'2022-12-08 03:00:00',98,125,23,24,2),(374,'2022-12-09 00:30:00',115,110,15,16,13),(375,'2022-12-09 01:30:00',118,109,26,27,11),(376,'2022-12-09 03:00:00',120,121,24,25,8),(377,'2022-12-10 00:00:00',102,121,4,4,20),(378,'2022-12-10 00:00:00',121,111,12,12,30),(379,'2022-12-10 00:00:00',113,109,21,22,28),(380,'2022-12-10 00:30:00',120,116,3,3,1),(381,'2022-12-10 00:30:00',95,106,6,6,26),(382,'2022-12-10 00:30:00',133,122,22,23,14),(383,'2022-12-10 01:00:00',114,103,14,15,9),(384,'2022-12-10 01:30:00',128,117,18,19,24),(385,'2022-12-10 02:00:00',108,118,28,29,18),(386,'2022-12-10 03:00:00',105,106,7,7,17),(387,'2022-12-10 22:00:00',111,115,15,16,27),(388,'2022-12-11 00:00:00',133,136,12,12,3),(389,'2022-12-11 00:00:00',107,114,29,30,13),(390,'2022-12-11 00:30:00',110,102,6,6,21),(391,'2022-12-11 01:00:00',144,115,5,5,7),(392,'2022-12-11 01:30:00',123,107,10,10,2),(393,'2022-12-11 02:00:00',115,110,8,8,29),(394,'2022-12-11 03:00:00',124,118,24,25,18),(395,'2022-12-11 20:30:00',129,124,18,19,24),(396,'2022-12-11 23:00:00',117,124,9,9,14),(397,'2022-12-11 23:00:00',112,99,19,20,26),(398,'2022-12-11 23:00:00',111,99,21,22,28),(399,'2022-12-11 23:00:00',131,113,22,23,4),(400,'2022-12-11 23:30:00',123,122,1,1,5),(401,'2022-12-12 00:00:00',97,92,11,11,17),(402,'2022-12-13 00:00:00',82,87,12,12,16),(403,'2022-12-13 00:00:00',100,112,29,30,3),(404,'2022-12-13 01:00:00',128,103,14,15,1),(405,'2022-12-13 01:30:00',121,114,7,7,21),(406,'2022-12-13 01:30:00',112,111,26,27,6),(407,'2022-12-13 03:00:00',133,112,24,25,18),(408,'2022-12-13 03:30:00',113,93,13,13,2),(409,'2022-12-14 00:00:00',123,103,22,23,26),(410,'2022-12-14 00:30:00',128,111,16,17,10),(411,'2022-12-14 01:00:00',111,97,11,11,24),(412,'2022-12-14 02:00:00',121,100,28,29,19),(413,'2022-12-14 03:00:00',118,122,13,14,2),(414,'2022-12-15 00:00:00',134,141,4,4,9),(415,'2022-12-15 00:00:00',125,119,12,12,10),(416,'2022-12-15 00:00:00',135,124,21,22,1),(417,'2022-12-15 00:30:00',123,124,27,28,26),(418,'2022-12-15 00:30:00',120,128,5,5,20),(419,'2022-12-15 01:00:00',108,110,20,21,16),(420,'2022-12-15 01:00:00',112,128,26,27,25),(421,'2022-12-15 02:00:00',90,105,7,7,6),(422,'2022-12-15 02:00:00',141,128,8,8,30),(423,'2022-12-15 03:00:00',99,88,13,13,18),(424,'2022-12-16 01:00:00',108,111,11,11,16),(425,'2022-12-16 01:00:00',142,101,14,15,17),(426,'2022-12-16 02:00:00',132,129,28,29,19),(427,'2022-12-16 03:30:00',95,111,13,13,24),(428,'2022-12-17 00:00:00',106,125,4,4,1),(429,'2022-12-17 00:00:00',113,122,9,9,26),(430,'2022-12-17 00:30:00',109,117,2,2,22),(431,'2022-12-17 00:30:00',118,112,6,6,12),(432,'2022-12-17 00:30:00',118,106,22,23,10),(433,'2022-12-17 00:30:00',116,119,27,28,3),(434,'2022-12-17 01:00:00',91,114,5,5,20),(435,'2022-12-17 01:00:00',110,112,20,21,18),(436,'2022-12-17 01:30:00',130,110,7,7,25),(437,'2022-12-17 03:00:00',126,108,13,14,8),(438,'2022-12-17 21:00:00',102,93,13,13,30),(439,'2022-12-17 22:00:00',101,111,26,27,16),(440,'2022-12-18 01:00:00',100,99,6,6,7),(441,'2022-12-18 01:00:00',95,107,11,11,25),(442,'2022-12-18 01:00:00',123,97,16,17,29),(443,'2022-12-18 01:00:00',115,109,20,21,15),(444,'2022-12-18 02:00:00',118,114,23,24,19),(445,'2022-12-18 20:00:00',92,95,2,2,22),(446,'2022-12-18 22:00:00',106,109,12,12,20),(447,'2022-12-18 23:00:00',121,124,9,9,3),(448,'2022-12-18 23:00:00',110,126,27,28,10),(449,'2022-12-19 00:00:00',150,126,17,18,5),(450,'2022-12-19 01:00:00',119,115,8,8,4),(451,'2022-12-19 02:30:00',119,117,13,14,30),(452,'2022-12-20 00:00:00',0,0,6,6,29),(453,'2022-12-20 00:00:00',0,0,22,23,28),(454,'2022-12-20 00:30:00',0,0,1,1,22),(455,'2022-12-20 01:00:00',0,0,11,11,27),(456,'2022-12-20 01:00:00',0,0,17,18,7),(457,'2022-12-20 01:00:00',0,0,18,19,17),(458,'2022-12-20 01:00:00',0,0,20,21,25),(459,'2022-12-20 02:00:00',0,0,23,24,14),(460,'2022-12-20 03:00:00',0,0,25,26,4),(461,'2022-12-21 00:00:00',0,0,9,9,29),(462,'2022-12-21 00:30:00',0,0,15,16,5),(463,'2022-12-21 00:30:00',0,0,19,20,10),(464,'2022-12-21 02:00:00',0,0,23,24,30),(465,'2022-12-21 03:00:00',0,0,8,8,15),(466,'2022-12-22 00:00:00',0,0,6,6,17),(467,'2022-12-22 00:00:00',0,0,22,23,9),(468,'2022-12-22 00:30:00',0,0,1,1,5),(469,'2022-12-22 00:30:00',0,0,2,2,12),(470,'2022-12-22 00:30:00',0,0,3,3,10),(471,'2022-12-22 00:30:00',0,0,19,20,28),(472,'2022-12-22 01:00:00',0,0,11,11,22),(473,'2022-12-22 01:00:00',0,0,17,18,7),(474,'2022-12-22 01:00:00',0,0,20,21,25),(475,'2022-12-22 03:00:00',0,0,25,26,14),(476,'2022-12-22 03:30:00',0,0,13,13,4),(477,'2022-12-23 01:00:00',0,0,18,19,27),(478,'2022-12-23 02:00:00',0,0,28,29,30),(479,'2022-12-24 00:00:00',0,0,21,22,27),(480,'2022-12-24 00:00:00',0,0,22,23,13),(481,'2022-12-24 00:30:00',0,0,1,1,9),(482,'2022-12-24 00:30:00',0,0,2,2,18),(483,'2022-12-24 00:30:00',0,0,3,3,17),(484,'2022-12-24 00:30:00',0,0,6,6,28),(485,'2022-12-24 00:30:00',0,0,19,20,5),(486,'2022-12-24 01:00:00',0,0,15,16,12),(487,'2022-12-24 01:00:00',0,0,11,11,7),(488,'2022-12-24 01:00:00',0,0,20,21,19),(489,'2022-12-24 02:00:00',0,0,8,8,25),(490,'2022-12-24 03:00:00',0,0,23,24,15),(491,'2022-12-24 03:00:00',0,0,25,26,30),(492,'2022-12-24 03:30:00',0,0,13,14,4),(493,'2022-12-25 17:00:00',0,0,19,20,23),(494,'2022-12-25 19:30:00',0,0,7,7,14),(495,'2022-12-25 22:00:00',0,0,2,2,17),(496,'2022-12-26 01:00:00',0,0,10,10,15),(497,'2022-12-26 03:30:00',0,0,8,8,24),(498,'2022-12-27 00:00:00',0,0,6,6,3),(499,'2022-12-27 00:00:00',0,0,9,9,13),(500,'2022-12-27 00:30:00',0,0,15,16,18),(501,'2022-12-27 01:00:00',0,0,5,5,11),(502,'2022-12-27 01:00:00',0,0,18,19,12),(503,'2022-12-27 01:00:00',0,0,26,27,29),(504,'2022-12-27 03:00:00',0,0,24,25,4),(505,'2022-12-28 00:00:00',0,0,21,22,14),(506,'2022-12-28 00:00:00',0,0,29,30,23),(507,'2022-12-28 00:30:00',0,0,2,2,11),(508,'2022-12-28 00:30:00',0,0,12,12,1),(509,'2022-12-28 00:30:00',0,0,27,28,13),(510,'2022-12-28 01:00:00',0,0,14,15,24),(511,'2022-12-28 01:00:00',0,0,20,21,27),(512,'2022-12-28 01:30:00',0,0,7,7,20),(513,'2022-12-28 03:00:00',0,0,10,10,4),(514,'2022-12-28 03:00:00',0,0,25,26,8),(515,'2022-12-29 00:00:00',0,0,9,9,22),(516,'2022-12-29 00:00:00',0,0,29,30,24),(517,'2022-12-29 00:30:00',0,0,1,1,3),(518,'2022-12-29 00:30:00',0,0,15,16,14),(519,'2022-12-29 01:00:00',0,0,5,5,17),(520,'2022-12-29 01:00:00',0,0,18,19,18),(521,'2022-12-29 03:00:00',0,0,10,10,29),(522,'2022-12-29 03:00:00',0,0,25,26,8),(523,'2022-12-30 00:00:00',0,0,4,4,21),(524,'2022-12-30 00:00:00',0,0,12,12,6),(525,'2022-12-30 00:30:00',0,0,2,2,13),(526,'2022-12-30 00:30:00',0,0,27,28,15),(527,'2022-12-30 01:00:00',0,0,26,27,20),(528,'2022-12-30 01:30:00',0,0,7,7,11),(529,'2022-12-31 00:00:00',0,0,21,22,30),(530,'2022-12-31 00:30:00',0,0,1,1,14),(531,'2022-12-31 00:30:00',0,0,27,28,24),(532,'2022-12-31 01:00:00',0,0,5,5,9),(533,'2022-12-31 01:00:00',0,0,16,17,18),(534,'2022-12-31 01:30:00',0,0,18,19,23),(535,'2022-12-31 02:00:00',0,0,8,8,16),(536,'2022-12-31 03:00:00',0,0,10,10,25),(537,'2022-12-31 03:00:00',0,0,25,26,29),(538,'2022-12-31 20:00:00',0,0,12,12,13),(539,'2023-01-01 00:00:00',0,0,4,4,3),(540,'2023-01-01 00:00:00',0,0,5,5,6),(541,'2023-01-01 00:00:00',0,0,11,11,20),(542,'2023-01-01 00:00:00',0,0,26,27,7),(543,'2023-01-01 01:00:00',0,0,14,15,19),(544,'2023-01-01 01:00:00',0,0,17,18,9),(545,'2023-01-01 01:00:00',0,0,20,21,23),(546,'2023-01-01 02:00:00',0,0,28,29,16),(547,'2023-01-02 01:00:00',0,0,14,15,26),(548,'2023-01-02 01:00:00',0,0,16,17,30),(549,'2023-01-02 01:00:00',0,0,8,8,2),(550,'2023-01-02 20:00:00',0,0,19,20,24),(551,'2023-01-03 00:00:00',0,0,4,4,14),(552,'2023-01-03 00:00:00',0,0,6,6,5),(553,'2023-01-03 00:00:00',0,0,12,12,28),(554,'2023-01-03 00:00:00',0,0,22,23,19),(555,'2023-01-03 00:30:00',0,0,3,3,27),(556,'2023-01-03 01:00:00',0,0,11,11,7),(557,'2023-01-03 01:00:00',0,0,17,18,8),(558,'2023-01-03 03:00:00',0,0,10,10,1),(559,'2023-01-03 03:00:00',0,0,24,25,9),(560,'2023-01-03 03:30:00',0,0,13,13,16),(561,'2023-01-04 01:00:00',0,0,16,17,30),(562,'2023-01-04 01:00:00',0,0,20,21,2),(563,'2023-01-04 02:00:00',0,0,28,29,26),(564,'2023-01-05 00:00:00',0,0,4,4,15),(565,'2023-01-05 00:00:00',0,0,6,6,24),(566,'2023-01-05 00:00:00',0,0,21,22,21),(567,'2023-01-05 00:00:00',0,0,22,23,12),(568,'2023-01-05 00:30:00',0,0,19,20,27),(569,'2023-01-05 00:30:00',0,0,27,28,17),(570,'2023-01-05 01:00:00',0,0,5,5,3),(571,'2023-01-05 01:00:00',0,0,17,18,25),(572,'2023-01-05 01:00:00',0,0,18,19,11),(573,'2023-01-05 03:00:00',0,0,10,10,9),(574,'2023-01-05 03:00:00',0,0,13,14,16),(575,'2023-01-05 03:00:00',0,0,25,26,1),(576,'2023-01-06 00:00:00',0,0,21,22,15),(577,'2023-01-06 00:30:00',0,0,7,7,2),(578,'2023-01-06 01:00:00',0,0,11,11,29),(579,'2023-01-06 03:00:00',0,0,8,8,13),(580,'2023-01-07 00:00:00',0,0,12,12,25),(581,'2023-01-07 00:30:00',0,0,22,23,5),(582,'2023-01-07 00:30:00',0,0,27,28,20),(583,'2023-01-07 01:00:00',0,0,16,17,4),(584,'2023-01-07 01:00:00',0,0,20,21,30),(585,'2023-01-07 01:00:00',0,0,26,27,9),(586,'2023-01-07 01:30:00',0,0,18,19,3),(587,'2023-01-07 02:00:00',0,0,17,18,13),(588,'2023-01-07 02:00:00',0,0,8,8,6),(589,'2023-01-07 03:00:00',0,0,23,24,16),(590,'2023-01-07 03:30:00',0,0,13,14,1),(591,'2023-01-07 23:00:00',0,0,26,27,2),(592,'2023-01-08 01:00:00',0,0,5,5,29),(593,'2023-01-08 01:00:00',0,0,7,7,19),(594,'2023-01-08 01:30:00',0,0,10,10,22),(595,'2023-01-08 03:00:00',0,0,25,26,14),(596,'2023-01-08 20:00:00',0,0,9,9,23),(597,'2023-01-08 20:30:00',0,0,27,28,25),(598,'2023-01-08 22:00:00',0,0,12,12,4),(599,'2023-01-08 23:00:00',0,0,15,16,3),(600,'2023-01-08 23:00:00',0,0,14,15,29),(601,'2023-01-09 00:00:00',0,0,11,11,18),(602,'2023-01-09 00:00:00',0,0,20,21,7),(603,'2023-01-09 01:00:00',0,0,23,24,6),(604,'2023-01-09 02:00:00',0,0,13,13,1),(605,'2023-01-10 00:00:00',0,0,29,30,19),(606,'2023-01-10 00:30:00',0,0,2,2,5),(607,'2023-01-10 00:30:00',0,0,19,20,17),(608,'2023-01-10 01:00:00',0,0,14,15,27),(609,'2023-01-10 02:00:00',0,0,8,8,14),(610,'2023-01-10 03:00:00',0,0,25,26,22),(611,'2023-01-11 00:30:00',0,0,15,16,21),(612,'2023-01-11 00:30:00',0,0,22,23,9),(613,'2023-01-11 00:30:00',0,0,27,28,4),(614,'2023-01-11 02:00:00',0,0,28,29,6),(615,'2023-01-11 03:00:00',0,0,10,10,24),(616,'2023-01-11 03:00:00',0,0,24,25,22),(617,'2023-01-11 03:30:00',0,0,13,13,7),(618,'2023-01-12 00:00:00',0,0,9,9,18),(619,'2023-01-12 00:00:00',0,0,29,30,5),(620,'2023-01-12 00:30:00',0,0,1,1,17),(621,'2023-01-12 00:30:00',0,0,2,2,19),(622,'2023-01-12 00:30:00',0,0,19,20,12),(623,'2023-01-12 01:00:00',0,0,14,15,27),(624,'2023-01-12 02:00:00',0,0,8,8,24),(625,'2023-01-12 03:00:00',0,0,25,26,11),(626,'2023-01-13 00:00:00',0,0,22,23,21),(627,'2023-01-13 00:30:00',0,0,3,3,2),(628,'2023-01-13 00:30:00',0,0,15,16,17),(629,'2023-01-13 00:30:00',0,0,27,28,4),(630,'2023-01-13 03:00:00',0,0,13,14,7),(631,'2023-01-13 03:00:00',0,0,24,25,6),(632,'2023-01-14 00:00:00',0,0,9,9,19),(633,'2023-01-14 00:00:00',0,0,12,12,1),(634,'2023-01-14 00:00:00',0,0,29,30,20),(635,'2023-01-14 00:30:00',0,0,26,27,10),(636,'2023-01-14 01:00:00',0,0,5,5,21),(637,'2023-01-14 01:00:00',0,0,17,18,24),(638,'2023-01-14 02:00:00',0,0,28,29,22),(639,'2023-01-14 03:00:00',0,0,13,13,8),(640,'2023-01-14 03:00:00',0,0,25,26,11),(641,'2023-01-14 18:00:00',0,0,15,16,17),(642,'2023-01-15 00:00:00',0,0,4,4,2),(643,'2023-01-15 00:00:00',0,0,12,12,15),(644,'2023-01-15 00:30:00',0,0,27,28,1),(645,'2023-01-15 01:00:00',0,0,17,18,6),(646,'2023-01-15 02:00:00',0,0,28,29,23),(647,'2023-01-15 03:00:00',0,0,24,25,7),(648,'2023-01-15 18:00:00',0,0,9,9,20),(649,'2023-01-15 20:00:00',0,0,13,13,11),(650,'2023-01-15 20:30:00',0,0,5,5,10),(651,'2023-01-15 23:00:00',0,0,3,3,21),(652,'2023-01-16 00:00:00',0,0,26,27,26),(653,'2023-01-16 01:00:00',0,0,8,8,22),(654,'2023-01-16 02:00:00',0,0,24,25,7),(655,'2023-01-16 02:30:00',0,0,13,14,23),(656,'2023-01-16 18:00:00',0,0,4,4,2),(657,'2023-01-16 19:30:00',0,0,16,17,12),(658,'2023-01-16 20:00:00',0,0,6,6,19),(659,'2023-01-16 20:00:00',0,0,19,20,28),(660,'2023-01-16 20:00:00',0,0,29,30,10),(661,'2023-01-16 20:30:00',0,0,1,1,16),(662,'2023-01-16 21:00:00',0,0,17,18,29),(663,'2023-01-16 23:00:00',0,0,14,15,24),(664,'2023-01-17 03:30:00',0,0,13,14,11),(665,'2023-01-18 00:30:00',0,0,16,17,28),(666,'2023-01-18 01:00:00',0,0,26,27,3),(667,'2023-01-18 02:00:00',0,0,8,8,25),(668,'2023-01-18 03:00:00',0,0,13,13,23),(669,'2023-01-19 00:30:00',0,0,19,20,30),(670,'2023-01-19 00:30:00',0,0,7,7,1),(671,'2023-01-19 01:00:00',0,0,11,11,4),(672,'2023-01-19 01:00:00',0,0,14,15,6),(673,'2023-01-19 01:00:00',0,0,18,19,16),(674,'2023-01-19 01:00:00',0,0,20,21,12),(675,'2023-01-19 02:00:00',0,0,28,29,13),(676,'2023-01-19 03:00:00',0,0,8,8,18),(677,'2023-01-19 03:30:00',0,0,13,14,26),(678,'2023-01-19 20:00:00',0,0,9,9,5),(679,'2023-01-20 00:30:00',0,0,2,2,10),(680,'2023-01-20 01:00:00',0,0,17,18,28),(681,'2023-01-20 03:00:00',0,0,23,24,3),(682,'2023-01-20 03:00:00',0,0,24,25,23),(683,'2023-01-21 00:00:00',0,0,21,22,19),(684,'2023-01-21 00:30:00',0,0,1,1,20),(685,'2023-01-21 00:30:00',0,0,6,6,10),(686,'2023-01-21 00:30:00',0,0,7,7,16),(687,'2023-01-21 01:00:00',0,0,26,27,13),(688,'2023-01-21 02:00:00',0,0,8,8,12),(689,'2023-01-21 02:00:00',0,0,28,29,3),(690,'2023-01-21 03:00:00',0,0,13,14,15),(691,'2023-01-21 03:00:00',0,0,25,26,21),(692,'2023-01-21 22:00:00',0,0,27,28,2),(693,'2023-01-22 00:00:00',0,0,29,30,22),(694,'2023-01-22 00:30:00',0,0,1,1,4),(695,'2023-01-22 00:30:00',0,0,6,6,17),(696,'2023-01-22 01:00:00',0,0,17,18,11),(697,'2023-01-22 02:00:00',0,0,23,24,12),(698,'2023-01-22 03:00:00',0,0,25,26,23),(699,'2023-01-22 20:30:00',0,0,15,16,19),(700,'2023-01-22 23:00:00',0,0,27,28,20),(701,'2023-01-23 00:30:00',0,0,7,7,13),(702,'2023-01-23 01:00:00',0,0,8,8,21),(703,'2023-01-23 01:00:00',0,0,23,24,15),(704,'2023-01-23 01:30:00',0,0,10,10,3),(705,'2023-01-23 02:00:00',0,0,24,25,14),(706,'2023-01-24 00:00:00',0,0,9,9,17),(707,'2023-01-24 00:00:00',0,0,21,22,2),(708,'2023-01-24 01:00:00',0,0,5,5,1),(709,'2023-01-24 01:00:00',0,0,11,11,18),(710,'2023-01-24 02:00:00',0,0,28,29,4),(711,'2023-01-24 03:00:00',0,0,24,25,27),(712,'2023-01-24 03:30:00',0,0,25,26,15),(713,'2023-01-25 00:00:00',0,0,12,12,5),(714,'2023-01-25 00:30:00',0,0,15,16,2),(715,'2023-01-25 00:30:00',0,0,19,20,6),(716,'2023-01-25 01:00:00',0,0,18,19,8),(717,'2023-01-25 01:30:00',0,0,7,7,30),(718,'2023-01-25 02:00:00',0,0,23,24,4),(719,'2023-01-25 03:00:00',0,0,13,14,13),(720,'2023-01-26 00:00:00',0,0,21,22,12),(721,'2023-01-26 00:30:00',0,0,22,23,3),(722,'2023-01-26 01:00:00',0,0,11,11,30),(723,'2023-01-26 01:00:00',0,0,16,17,8),(724,'2023-01-26 01:00:00',0,0,18,19,18),(725,'2023-01-26 01:00:00',0,0,20,21,1),(726,'2023-01-26 03:00:00',0,0,10,10,15),(727,'2023-01-26 03:00:00',0,0,24,25,29),(728,'2023-01-26 03:00:00',0,0,25,26,28),(729,'2023-01-26 03:30:00',0,0,13,14,27),(730,'2023-01-27 00:30:00',0,0,2,2,20),(731,'2023-01-27 00:30:00',0,0,3,3,9),(732,'2023-01-27 00:30:00',0,0,4,4,5),(733,'2023-01-27 01:00:00',0,0,11,11,6),(734,'2023-01-27 03:00:00',0,0,23,24,7),(735,'2023-01-27 03:30:00',0,0,13,13,27),(736,'2023-01-28 00:00:00',0,0,12,12,17),(737,'2023-01-28 00:30:00',0,0,17,18,15),(738,'2023-01-28 01:00:00',0,0,15,16,22),(739,'2023-01-28 01:00:00',0,0,20,21,6),(740,'2023-01-28 03:00:00',0,0,10,10,28),(741,'2023-01-28 20:00:00',0,0,22,23,8),(742,'2023-01-28 22:30:00',0,0,3,3,20),(743,'2023-01-29 00:00:00',0,0,9,9,11),(744,'2023-01-29 00:00:00',0,0,21,22,5),(745,'2023-01-29 00:30:00',0,0,1,1,13),(746,'2023-01-29 01:00:00',0,0,17,18,26),(747,'2023-01-29 01:00:00',0,0,18,19,30),(748,'2023-01-29 01:00:00',0,0,26,27,24),(749,'2023-01-29 01:30:00',0,0,2,2,14),(750,'2023-01-29 02:00:00',0,0,28,29,7),(751,'2023-01-29 03:00:00',0,0,24,25,28),(752,'2023-01-29 18:00:00',0,0,4,4,16),(753,'2023-01-29 23:00:00',0,0,14,15,12),(754,'2023-01-30 00:00:00',0,0,6,6,13),(755,'2023-01-30 01:00:00',0,0,16,17,19),(756,'2023-01-31 00:00:00',0,0,22,23,22),(757,'2023-01-31 00:30:00',0,0,3,3,14),(758,'2023-01-31 01:00:00',0,0,17,18,26),(759,'2023-01-31 01:00:00',0,0,20,21,10),(760,'2023-01-31 01:00:00',0,0,26,27,30),(761,'2023-01-31 01:30:00',0,0,7,7,9),(762,'2023-01-31 02:00:00',0,0,23,24,28),(763,'2023-01-31 03:00:00',0,0,24,25,1),(764,'2023-02-01 00:00:00',0,0,6,6,16),(765,'2023-02-01 00:30:00',0,0,19,20,14),(766,'2023-02-01 01:00:00',0,0,5,5,13),(767,'2023-02-01 01:00:00',0,0,16,17,4),(768,'2023-02-01 03:00:00',0,0,8,8,19),(769,'2023-02-02 00:00:00',0,0,9,9,30),(770,'2023-02-02 00:00:00',0,0,22,23,22),(771,'2023-02-02 00:00:00',0,0,14,15,25),(772,'2023-02-02 00:30:00',0,0,2,2,3),(773,'2023-02-02 01:00:00',0,0,11,11,21),(774,'2023-02-02 01:00:00',0,0,17,18,10),(775,'2023-02-02 01:00:00',0,0,26,27,26),(776,'2023-02-02 02:00:00',0,0,28,29,28),(777,'2023-02-02 03:00:00',0,0,23,24,1),(778,'2023-02-03 00:00:00',0,0,12,12,14),(779,'2023-02-03 00:30:00',0,0,6,6,15),(780,'2023-02-03 00:30:00',0,0,19,20,16),(781,'2023-02-03 01:00:00',0,0,5,5,4),(782,'2023-02-03 01:30:00',0,0,7,7,19),(783,'2023-02-03 02:00:00',0,0,8,8,10),(784,'2023-02-03 03:00:00',0,0,16,17,13),(785,'2023-02-04 00:00:00',0,0,9,9,4),(786,'2023-02-04 00:00:00',0,0,12,12,26),(787,'2023-02-04 00:00:00',0,0,29,30,25),(788,'2023-02-04 00:30:00',0,0,2,2,24),(789,'2023-02-04 01:00:00',0,0,11,11,28),(790,'2023-02-04 01:00:00',0,0,17,18,22),(791,'2023-02-04 01:00:00',0,0,26,27,23),(792,'2023-02-04 02:00:00',0,0,28,29,1),(793,'2023-02-04 23:00:00',0,0,3,3,30),(794,'2023-02-05 00:00:00',0,0,9,9,24),(795,'2023-02-05 00:00:00',0,0,19,20,13),(796,'2023-02-05 01:00:00',0,0,5,5,25),(797,'2023-02-05 01:00:00',0,0,16,17,16),(798,'2023-02-05 01:00:00',0,0,18,19,14),(799,'2023-02-05 01:00:00',0,0,20,21,11),(800,'2023-02-05 01:30:00',0,0,10,10,7),(801,'2023-02-05 02:00:00',0,0,8,8,1),(802,'2023-02-05 18:00:00',0,0,4,4,22),(803,'2023-02-05 22:00:00',0,0,12,12,6),(804,'2023-02-05 23:00:00',0,0,19,20,23),(805,'2023-02-05 23:00:00',0,0,14,15,28),(806,'2023-02-06 00:00:00',0,0,17,18,8),(807,'2023-02-06 00:00:00',0,0,18,19,26),(808,'2023-02-07 00:00:00',0,0,9,9,2),(809,'2023-02-07 00:00:00',0,0,29,30,6),(810,'2023-02-07 00:30:00',0,0,3,3,13),(811,'2023-02-07 01:00:00',0,0,5,5,27),(812,'2023-02-07 01:00:00',0,0,11,11,26),(813,'2023-02-07 02:00:00',0,0,28,29,7),(814,'2023-02-07 03:00:00',0,0,10,10,21),(815,'2023-02-07 03:00:00',0,0,24,25,17),(816,'2023-02-08 00:00:00',0,0,21,22,20),(817,'2023-02-08 00:30:00',0,0,3,3,24),(818,'2023-02-08 00:30:00',0,0,18,19,1),(819,'2023-02-08 01:00:00',0,0,14,15,5),(820,'2023-02-08 03:00:00',0,0,8,8,18),(821,'2023-02-08 03:30:00',0,0,13,14,21),(822,'2023-02-09 00:00:00',0,0,6,6,9),(823,'2023-02-09 00:00:00',0,0,29,30,4),(824,'2023-02-09 00:30:00',0,0,2,2,23),(825,'2023-02-09 00:30:00',0,0,15,16,12),(826,'2023-02-09 00:30:00',0,0,27,28,27),(827,'2023-02-09 01:00:00',0,0,11,11,26),(828,'2023-02-09 02:00:00',0,0,28,29,18),(829,'2023-02-09 03:00:00',0,0,13,13,7),(830,'2023-02-09 03:00:00',0,0,24,25,10),(831,'2023-02-10 00:00:00',0,0,21,22,8),(832,'2023-02-10 00:30:00',0,0,1,1,24),(833,'2023-02-10 00:30:00',0,0,3,3,5),(834,'2023-02-10 03:00:00',0,0,13,14,17),(835,'2023-02-11 00:00:00',0,0,9,9,27),(836,'2023-02-11 00:00:00',0,0,12,12,24),(837,'2023-02-11 00:00:00',0,0,22,23,20),(838,'2023-02-11 00:30:00',0,0,2,2,4),(839,'2023-02-11 00:30:00',0,0,27,28,29),(840,'2023-02-11 01:00:00',0,0,15,16,11),(841,'2023-02-11 01:00:00',0,0,14,15,18),(842,'2023-02-11 03:00:00',0,0,18,19,6),(843,'2023-02-11 03:00:00',0,0,24,25,21),(844,'2023-02-11 03:00:00',0,0,25,26,7),(845,'2023-02-11 03:30:00',0,0,13,13,17),(846,'2023-02-11 23:00:00',0,0,3,3,23),(847,'2023-02-12 00:00:00',0,0,4,4,8),(848,'2023-02-12 00:00:00',0,0,21,22,16),(849,'2023-02-12 00:00:00',0,0,29,30,12),(850,'2023-02-12 00:30:00',0,0,1,1,27),(851,'2023-02-12 00:30:00',0,0,19,20,29),(852,'2023-02-12 01:00:00',0,0,6,6,5),(853,'2023-02-12 01:30:00',0,0,10,10,14),(854,'2023-02-12 03:00:00',0,0,25,26,7),(855,'2023-02-12 19:00:00',0,0,2,2,15),(856,'2023-02-12 20:00:00',0,0,27,28,9),(857,'2023-02-14 00:00:00',0,0,4,4,1),(858,'2023-02-14 00:00:00',0,0,6,6,27),(859,'2023-02-14 00:00:00',0,0,12,12,29),(860,'2023-02-14 00:00:00',0,0,22,23,11),(861,'2023-02-14 00:30:00',0,0,15,16,8),(862,'2023-02-14 00:30:00',0,0,19,20,3),(863,'2023-02-14 01:00:00',0,0,5,5,22),(864,'2023-02-14 01:00:00',0,0,20,21,19),(865,'2023-02-14 01:30:00',0,0,7,7,18),(866,'2023-02-14 03:00:00',0,0,10,10,30),(867,'2023-02-14 03:00:00',0,0,24,25,14),(868,'2023-02-15 00:30:00',0,0,27,28,22),(869,'2023-02-15 00:30:00',0,0,16,17,2),(870,'2023-02-15 02:00:00',0,0,23,24,26),(871,'2023-02-15 03:00:00',0,0,13,13,10),(872,'2023-02-15 03:00:00',0,0,24,25,30),(873,'2023-02-16 00:00:00',0,0,4,4,27),(874,'2023-02-16 00:00:00',0,0,12,12,5),(875,'2023-02-16 00:00:00',0,0,22,23,6),(876,'2023-02-16 00:30:00',0,0,1,1,20),(877,'2023-02-16 00:30:00',0,0,2,2,9),(878,'2023-02-16 00:30:00',0,0,3,3,16),(879,'2023-02-16 01:00:00',0,0,14,15,29),(880,'2023-02-16 01:00:00',0,0,20,21,11),(881,'2023-02-16 02:00:00',0,0,8,8,7),(882,'2023-02-16 03:00:00',0,0,13,14,19),(883,'2023-02-17 00:30:00',0,0,5,5,17),(884,'2023-02-17 01:00:00',0,0,17,18,30),(885,'2023-02-17 03:00:00',0,0,23,24,13),(886,'2023-02-24 00:00:00',0,0,6,6,8),(887,'2023-02-24 00:00:00',0,0,12,12,2),(888,'2023-02-24 00:00:00',0,0,21,22,9),(889,'2023-02-24 00:30:00',0,0,22,23,15),(890,'2023-02-24 00:30:00',0,0,27,28,19),(891,'2023-02-24 01:30:00',0,0,7,7,27),(892,'2023-02-24 02:00:00',0,0,28,29,21),(893,'2023-02-24 03:00:00',0,0,13,14,10),(894,'2023-02-24 03:00:00',0,0,25,26,25),(895,'2023-02-25 00:00:00',0,0,29,30,20),(896,'2023-02-25 00:30:00',0,0,1,1,6),(897,'2023-02-25 00:30:00',0,0,16,17,16),(898,'2023-02-25 01:00:00',0,0,17,18,4),(899,'2023-02-25 02:00:00',0,0,23,24,21),(900,'2023-02-25 03:00:00',0,0,5,5,3),(901,'2023-02-25 03:00:00',0,0,10,10,11),(902,'2023-02-25 03:30:00',0,0,13,13,26),(903,'2023-02-25 17:00:00',0,0,9,9,28),(904,'2023-02-26 00:00:00',0,0,4,4,16),(905,'2023-02-26 00:00:00',0,0,21,22,12),(906,'2023-02-26 00:30:00',0,0,19,20,19),(907,'2023-02-26 01:00:00',0,0,14,15,8),(908,'2023-02-26 01:30:00',0,0,22,23,2),(909,'2023-02-26 02:00:00',0,0,28,29,27),(910,'2023-02-26 18:00:00',0,0,16,17,24),(911,'2023-02-26 20:00:00',0,0,1,1,3),(912,'2023-02-26 20:30:00',0,0,5,5,30),(913,'2023-02-26 20:30:00',0,0,7,7,14),(914,'2023-02-26 23:00:00',0,0,6,6,28),(915,'2023-02-27 00:00:00',0,0,20,21,26),(916,'2023-02-27 00:30:00',0,0,10,10,18),(917,'2023-02-27 02:00:00',0,0,24,25,11),(918,'2023-02-27 03:00:00',0,0,8,8,13),(919,'2023-02-28 00:00:00',0,0,4,4,9),(920,'2023-02-28 00:00:00',0,0,22,23,16),(921,'2023-02-28 00:30:00',0,0,19,20,2),(922,'2023-02-28 01:00:00',0,0,18,19,22),(923,'2023-03-01 00:30:00',0,0,1,1,30),(924,'2023-03-01 00:30:00',0,0,3,3,17),(925,'2023-03-01 00:30:00',0,0,27,28,5),(926,'2023-03-01 01:00:00',0,0,11,11,8),(927,'2023-03-01 01:00:00',0,0,14,15,14),(928,'2023-03-01 01:00:00',0,0,20,21,26),(929,'2023-03-01 01:30:00',0,0,7,7,12),(930,'2023-03-01 02:00:00',0,0,28,29,27),(931,'2023-03-01 03:00:00',0,0,10,10,25),(932,'2023-03-01 03:00:00',0,0,13,13,18),(933,'2023-03-02 00:00:00',0,0,4,4,24),(934,'2023-03-02 00:00:00',0,0,9,9,5),(935,'2023-03-02 00:30:00',0,0,2,2,6),(936,'2023-03-02 00:30:00',0,0,15,16,23),(937,'2023-03-02 00:30:00',0,0,19,20,3),(938,'2023-03-02 01:00:00',0,0,11,11,15),(939,'2023-03-02 01:00:00',0,0,16,17,22),(940,'2023-03-02 01:00:00',0,0,20,21,14),(941,'2023-03-02 03:00:00',0,0,24,25,19),(942,'2023-03-03 00:00:00',0,0,29,30,28),(943,'2023-03-03 00:30:00',0,0,7,7,23),(944,'2023-03-03 01:30:00',0,0,26,27,12),(945,'2023-03-03 03:00:00',0,0,10,10,13),(946,'2023-03-04 00:00:00',0,0,4,4,22),(947,'2023-03-04 00:30:00',0,0,1,1,25),(948,'2023-03-04 00:30:00',0,0,2,2,3),(949,'2023-03-04 01:00:00',0,0,15,16,20),(950,'2023-03-04 01:00:00',0,0,5,5,24),(951,'2023-03-04 01:00:00',0,0,20,21,29),(952,'2023-03-04 03:00:00',0,0,8,8,15),(953,'2023-03-04 03:00:00',0,0,10,10,19),(954,'2023-03-04 03:00:00',0,0,25,26,13),(955,'2023-03-04 03:30:00',0,0,13,14,18),(956,'2023-03-04 22:00:00',0,0,29,30,28),(957,'2023-03-05 00:30:00',0,0,6,6,9),(958,'2023-03-05 01:00:00',0,0,15,16,1),(959,'2023-03-05 01:00:00',0,0,26,27,11),(960,'2023-03-05 01:30:00',0,0,16,17,23),(961,'2023-03-05 03:00:00',0,0,25,26,18),(962,'2023-03-05 18:00:00',0,0,7,7,24),(963,'2023-03-05 20:30:00',0,0,5,5,12),(964,'2023-03-05 20:30:00',0,0,13,14,10),(965,'2023-03-05 23:00:00',0,0,3,3,4),(966,'2023-03-05 23:00:00',0,0,21,22,25),(967,'2023-03-06 00:00:00',0,0,11,11,27),(968,'2023-03-06 00:00:00',0,0,20,21,29),(969,'2023-03-06 00:30:00',0,0,2,2,20),(970,'2023-03-06 03:00:00',0,0,13,13,15),(971,'2023-03-07 00:00:00',0,0,6,6,2),(972,'2023-03-07 00:00:00',0,0,12,12,23),(973,'2023-03-07 00:00:00',0,0,29,30,17),(974,'2023-03-07 00:30:00',0,0,15,16,1),(975,'2023-03-07 02:00:00',0,0,8,8,28),(976,'2023-03-07 03:00:00',0,0,25,26,19),(977,'2023-03-08 00:00:00',0,0,9,9,25),(978,'2023-03-08 00:00:00',0,0,21,22,17),(979,'2023-03-08 00:30:00',0,0,19,20,4),(980,'2023-03-08 00:30:00',0,0,17,18,23),(981,'2023-03-08 01:00:00',0,0,11,11,3),(982,'2023-03-08 01:00:00',0,0,20,21,10),(983,'2023-03-08 01:30:00',0,0,7,7,29),(984,'2023-03-08 03:00:00',0,0,13,14,15),(985,'2023-03-09 00:00:00',0,0,29,30,1),(986,'2023-03-09 00:30:00',0,0,2,2,25),(987,'2023-03-09 00:30:00',0,0,15,16,6),(988,'2023-03-09 00:30:00',0,0,18,19,7),(989,'2023-03-09 02:00:00',0,0,8,8,5),(990,'2023-03-09 02:00:00',0,0,23,24,21),(991,'2023-03-09 03:00:00',0,0,13,13,28),(992,'2023-03-10 00:00:00',0,0,9,9,4),(993,'2023-03-10 00:00:00',0,0,12,12,11),(994,'2023-03-10 00:00:00',0,0,21,22,29),(995,'2023-03-10 00:30:00',0,0,16,17,3),(996,'2023-03-10 03:00:00',0,0,14,15,10),(997,'2023-03-10 03:00:00',0,0,25,26,20),(998,'2023-03-11 00:00:00',0,0,22,23,25),(999,'2023-03-11 00:00:00',0,0,29,30,1),(1000,'2023-03-11 01:00:00',0,0,15,16,6),(1001,'2023-03-11 01:00:00',0,0,17,18,3),(1002,'2023-03-11 01:00:00',0,0,26,27,8),(1003,'2023-03-11 03:30:00',0,0,13,14,28),(1004,'2023-03-11 21:00:00',0,0,13,13,20),(1005,'2023-03-12 00:00:00',0,0,4,4,29),(1006,'2023-03-12 00:00:00',0,0,9,9,12),(1007,'2023-03-12 00:00:00',0,0,21,22,16),(1008,'2023-03-12 00:30:00',0,0,1,1,2),(1009,'2023-03-12 01:00:00',0,0,11,11,5),(1010,'2023-03-12 01:00:00',0,0,14,15,7),(1011,'2023-03-12 01:30:00',0,0,18,19,21),(1012,'2023-03-12 01:30:00',0,0,10,10,17),(1013,'2023-03-12 03:00:00',0,0,23,24,26),(1014,'2023-03-12 19:30:00',0,0,8,8,3),(1015,'2023-03-12 21:00:00',0,0,4,4,6),(1016,'2023-03-12 22:00:00',0,0,22,23,30),(1017,'2023-03-12 23:00:00',0,0,18,19,25),(1018,'2023-03-12 23:00:00',0,0,26,27,21),(1019,'2023-03-13 01:00:00',0,0,13,14,20),(1020,'2023-03-13 23:00:00',0,0,9,9,12),(1021,'2023-03-13 23:30:00',0,0,1,1,18),(1022,'2023-03-13 23:30:00',0,0,15,16,29),(1023,'2023-03-13 23:30:00',0,0,7,7,15),(1024,'2023-03-14 00:00:00',0,0,11,11,2),(1025,'2023-03-14 02:00:00',0,0,10,10,24),(1026,'2023-03-14 02:00:00',0,0,25,26,17),(1027,'2023-03-14 23:00:00',0,0,4,4,6),(1028,'2023-03-14 23:00:00',0,0,29,30,9),(1029,'2023-03-14 23:30:00',0,0,27,28,8),(1030,'2023-03-15 00:00:00',0,0,18,19,14),(1031,'2023-03-15 00:00:00',0,0,20,21,3),(1032,'2023-03-15 00:00:00',0,0,26,27,22),(1033,'2023-03-15 02:00:00',0,0,23,24,17),(1034,'2023-03-15 02:00:00',0,0,24,25,20),(1035,'2023-03-15 23:30:00',0,0,6,6,23),(1036,'2023-03-15 23:30:00',0,0,15,16,15),(1037,'2023-03-16 00:00:00',0,0,5,5,26),(1038,'2023-03-16 00:00:00',0,0,11,11,14),(1039,'2023-03-16 00:00:00',0,0,17,18,2),(1040,'2023-03-16 00:30:00',0,0,26,27,7),(1041,'2023-03-16 02:00:00',0,0,13,13,10),(1042,'2023-03-16 23:00:00',0,0,9,9,8),(1043,'2023-03-16 23:30:00',0,0,3,3,26),(1044,'2023-03-16 23:30:00',0,0,27,28,21),(1045,'2023-03-17 00:00:00',0,0,16,17,12),(1046,'2023-03-17 02:00:00',0,0,23,24,22),(1047,'2023-03-17 23:00:00',0,0,4,4,23),(1048,'2023-03-17 23:30:00',0,0,1,1,10),(1049,'2023-03-17 23:30:00',0,0,6,6,30),(1050,'2023-03-18 00:00:00',0,0,5,5,18),(1051,'2023-03-18 00:00:00',0,0,11,11,19),(1052,'2023-03-18 00:00:00',0,0,26,27,15),(1053,'2023-03-18 02:00:00',0,0,24,25,2),(1054,'2023-03-18 02:30:00',0,0,13,14,7),(1055,'2023-03-18 17:00:00',0,0,19,20,8),(1056,'2023-03-18 19:00:00',0,0,13,13,22),(1057,'2023-03-18 23:00:00',0,0,12,12,23),(1058,'2023-03-18 23:00:00',0,0,27,28,18),(1059,'2023-03-19 00:00:00',0,0,29,30,26),(1060,'2023-03-19 00:00:00',0,0,5,5,16),(1061,'2023-03-19 00:00:00',0,0,14,15,10),(1062,'2023-03-19 01:00:00',0,0,28,29,2),(1063,'2023-03-19 19:30:00',0,0,3,3,8),(1064,'2023-03-19 19:30:00',0,0,20,21,24),(1065,'2023-03-19 20:00:00',0,0,26,27,1),(1066,'2023-03-19 22:00:00',0,0,9,9,16),(1067,'2023-03-19 23:00:00',0,0,11,11,19),(1068,'2023-03-20 00:00:00',0,0,16,17,28),(1069,'2023-03-20 01:00:00',0,0,24,25,13),(1070,'2023-03-20 01:30:00',0,0,13,14,22),(1071,'2023-03-20 23:00:00',0,0,4,4,12),(1072,'2023-03-20 23:00:00',0,0,22,23,5),(1073,'2023-03-20 23:30:00',0,0,19,20,18),(1074,'2023-03-21 00:00:00',0,0,11,11,10),(1075,'2023-03-21 00:00:00',0,0,14,15,7),(1076,'2023-03-21 01:00:00',0,0,28,29,26),(1077,'2023-03-21 23:00:00',0,0,21,22,30),(1078,'2023-03-21 23:30:00',0,0,1,1,9),(1079,'2023-03-21 23:30:00',0,0,3,3,6),(1080,'2023-03-22 00:00:00',0,0,18,19,27),(1081,'2023-03-22 02:00:00',0,0,25,26,2),(1082,'2023-03-22 02:30:00',0,0,13,13,21),(1083,'2023-03-22 23:00:00',0,0,29,30,8),(1084,'2023-03-22 23:30:00',0,0,15,16,20),(1085,'2023-03-22 23:30:00',0,0,27,28,12),(1086,'2023-03-22 23:30:00',0,0,7,7,10),(1087,'2023-03-23 00:00:00',0,0,5,5,23),(1088,'2023-03-23 00:00:00',0,0,14,15,11),(1089,'2023-03-23 00:00:00',0,0,16,17,27),(1090,'2023-03-23 00:00:00',0,0,17,18,1),(1091,'2023-03-23 01:00:00',0,0,28,29,25),(1092,'2023-03-23 02:00:00',0,0,13,14,24),(1093,'2023-03-23 23:00:00',0,0,21,22,20),(1094,'2023-03-23 23:30:00',0,0,3,3,6),(1095,'2023-03-24 00:00:00',0,0,18,19,4),(1096,'2023-03-24 02:30:00',0,0,13,13,21),(1097,'2023-03-24 23:00:00',0,0,2,2,12),(1098,'2023-03-24 23:00:00',0,0,29,30,27),(1099,'2023-03-24 23:30:00',0,0,27,28,9),(1100,'2023-03-25 00:00:00',0,0,14,15,11),(1101,'2023-03-25 00:30:00',0,0,7,7,4),(1102,'2023-03-25 01:00:00',0,0,28,29,17),(1103,'2023-03-25 02:00:00',0,0,10,10,23),(1104,'2023-03-25 02:00:00',0,0,24,25,5),(1105,'2023-03-25 02:00:00',0,0,25,26,24),(1106,'2023-03-25 02:30:00',0,0,13,14,21),(1107,'2023-03-25 21:00:00',0,0,1,1,12),(1108,'2023-03-26 00:00:00',0,0,15,16,3),(1109,'2023-03-26 01:00:00',0,0,8,8,17),(1110,'2023-03-26 02:00:00',0,0,23,24,23),(1111,'2023-03-26 02:00:00',0,0,25,26,29),(1112,'2023-03-26 02:30:00',0,0,13,13,19),(1113,'2023-03-26 17:00:00',0,0,4,4,7),(1114,'2023-03-26 19:30:00',0,0,13,14,5),(1115,'2023-03-26 22:00:00',0,0,1,1,15),(1116,'2023-03-26 22:00:00',0,0,2,2,27),(1117,'2023-03-26 22:00:00',0,0,6,6,11),(1118,'2023-03-26 22:00:00',0,0,21,22,3),(1119,'2023-03-26 22:00:00',0,0,27,28,30),(1120,'2023-03-26 23:00:00',0,0,24,25,21),(1121,'2023-03-27 00:30:00',0,0,10,10,18),(1122,'2023-03-27 23:00:00',0,0,9,9,17),(1123,'2023-03-27 23:00:00',0,0,12,12,7),(1124,'2023-03-27 23:30:00',0,0,19,20,11),(1125,'2023-03-28 01:00:00',0,0,28,29,24),(1126,'2023-03-28 01:30:00',0,0,8,8,23),(1127,'2023-03-28 02:00:00',0,0,24,25,19),(1128,'2023-03-28 02:00:00',0,0,25,26,18),(1129,'2023-03-28 02:30:00',0,0,13,13,5),(1130,'2023-03-28 23:00:00',0,0,29,30,2),(1131,'2023-03-28 23:30:00',0,0,1,1,6),(1132,'2023-03-28 23:30:00',0,0,27,28,16),(1133,'2023-03-29 00:00:00',0,0,14,15,22),(1134,'2023-03-29 00:00:00',0,0,20,21,4),(1135,'2023-03-29 02:00:00',0,0,10,10,19),(1136,'2023-03-29 23:00:00',0,0,12,12,17),(1137,'2023-03-29 23:30:00',0,0,3,3,11),(1138,'2023-03-29 23:30:00',0,0,19,20,16),(1139,'2023-03-29 23:30:00',0,0,22,23,7),(1140,'2023-03-30 00:00:00',0,0,5,5,14),(1141,'2023-03-30 00:00:00',0,0,14,15,13),(1142,'2023-03-30 00:00:00',0,0,20,21,9),(1143,'2023-03-30 00:00:00',0,0,26,27,29),(1144,'2023-03-30 02:00:00',0,0,23,24,18),(1145,'2023-03-30 02:00:00',0,0,24,25,26),(1146,'2023-03-30 23:30:00',0,0,16,17,2),(1147,'2023-03-31 02:00:00',0,0,8,8,19),(1148,'2023-03-31 23:00:00',0,0,4,4,5),(1149,'2023-03-31 23:00:00',0,0,12,12,21),(1150,'2023-03-31 23:00:00',0,0,22,23,28),(1151,'2023-03-31 23:00:00',0,0,29,30,22),(1152,'2023-03-31 23:30:00',0,0,2,2,29),(1153,'2023-03-31 23:30:00',0,0,3,3,1),(1154,'2023-03-31 23:30:00',0,0,6,6,20),(1155,'2023-04-01 00:00:00',0,0,11,11,9),(1156,'2023-04-01 00:00:00',0,0,14,15,13),(1157,'2023-04-01 00:00:00',0,0,17,18,14),(1158,'2023-04-01 02:00:00',0,0,10,10,27),(1159,'2023-04-01 02:00:00',0,0,24,25,26),(1160,'2023-04-01 02:30:00',0,0,23,24,8),(1161,'2023-04-01 23:30:00',0,0,15,16,7),(1162,'2023-04-02 00:30:00',0,0,18,19,13),(1163,'2023-04-02 17:00:00',0,0,4,4,28),(1164,'2023-04-02 19:30:00',0,0,3,3,29),(1165,'2023-04-02 19:30:00',0,0,5,5,15),(1166,'2023-04-02 19:30:00',0,0,17,18,25),(1167,'2023-04-02 22:00:00',0,0,1,1,7),(1168,'2023-04-02 22:00:00',0,0,19,20,30),(1169,'2023-04-02 22:00:00',0,0,21,22,9),(1170,'2023-04-02 22:00:00',0,0,25,26,27),(1171,'2023-04-02 23:00:00',0,0,11,11,14),(1172,'2023-04-02 23:00:00',0,0,20,21,24),(1173,'2023-04-03 00:00:00',0,0,6,6,12),(1174,'2023-04-03 00:00:00',0,0,16,17,23),(1175,'2023-04-03 00:30:00',0,0,8,8,10),(1176,'2023-04-04 23:00:00',0,0,4,4,28),(1177,'2023-04-04 23:00:00',0,0,9,9,16),(1178,'2023-04-04 23:00:00',0,0,21,22,6),(1179,'2023-04-04 23:00:00',0,0,29,30,17),(1180,'2023-04-04 23:30:00',0,0,3,3,18),(1181,'2023-04-05 00:00:00',0,0,22,23,2),(1182,'2023-04-05 00:00:00',0,0,5,5,1),(1183,'2023-04-05 00:00:00',0,0,11,11,8),(1184,'2023-04-05 00:00:00',0,0,14,15,25),(1185,'2023-04-05 00:00:00',0,0,18,19,26),(1186,'2023-04-05 01:00:00',0,0,28,29,14),(1187,'2023-04-05 02:00:00',0,0,10,10,21),(1188,'2023-04-05 02:00:00',0,0,23,24,27),(1189,'2023-04-05 23:00:00',0,0,9,9,3),(1190,'2023-04-05 23:00:00',0,0,12,12,20),(1191,'2023-04-05 23:30:00',0,0,1,1,30),(1192,'2023-04-05 23:30:00',0,0,2,2,28),(1193,'2023-04-05 23:30:00',0,0,16,17,5),(1194,'2023-04-06 00:00:00',0,0,18,19,15),(1195,'2023-04-06 00:30:00',0,0,7,7,26),(1196,'2023-04-06 02:00:00',0,0,13,13,14),(1197,'2023-04-06 23:00:00',0,0,21,22,6),(1198,'2023-04-06 23:30:00',0,0,22,23,16),(1199,'2023-04-07 00:00:00',0,0,26,27,25),(1200,'2023-04-07 01:00:00',0,0,28,29,21),(1201,'2023-04-07 02:00:00',0,0,23,24,8),(1202,'2023-04-07 23:00:00',0,0,4,4,11),(1203,'2023-04-07 23:00:00',0,0,12,12,9),(1204,'2023-04-07 23:00:00',0,0,29,30,16),(1205,'2023-04-07 23:30:00',0,0,1,1,23),(1206,'2023-04-07 23:30:00',0,0,2,2,28),(1207,'2023-04-07 23:30:00',0,0,3,3,22),(1208,'2023-04-08 00:00:00',0,0,16,17,15),(1209,'2023-04-08 00:00:00',0,0,18,19,20),(1210,'2023-04-08 00:30:00',0,0,7,7,5),(1211,'2023-04-08 02:00:00',0,0,25,26,10),(1212,'2023-04-08 02:30:00',0,0,13,14,24),(1213,'2023-04-08 19:30:00',0,0,28,29,8),(1214,'2023-04-08 20:00:00',0,0,26,27,18),(1215,'2023-04-08 20:00:00',0,0,13,13,25),(1216,'2023-04-09 17:00:00',0,0,2,2,1),(1217,'2023-04-09 17:00:00',0,0,3,3,23),(1218,'2023-04-09 17:00:00',0,0,6,6,4),(1219,'2023-04-09 17:00:00',0,0,15,16,22),(1220,'2023-04-09 17:00:00',0,0,19,20,12),(1221,'2023-04-09 17:00:00',0,0,27,28,17),(1222,'2023-04-09 17:00:00',0,0,29,30,11),(1223,'2023-04-09 17:00:00',0,0,5,5,9),(1224,'2023-04-09 19:30:00',0,0,7,7,27),(1225,'2023-04-09 19:30:00',0,0,17,18,19),(1226,'2023-04-09 19:30:00',0,0,20,21,15),(1227,'2023-04-09 19:30:00',0,0,8,8,26),(1228,'2023-04-09 19:30:00',0,0,13,14,29),(1229,'2023-04-09 19:30:00',0,0,23,24,13),(1230,'2023-04-09 19:30:00',0,0,24,25,10);
/*!40000 ALTER TABLE `jogos` ENABLE KEYS */;
UNLOCK TABLES;

--
-- Table structure for table `teams`
--

DROP TABLE IF EXISTS `teams`;
/*!40101 SET @saved_cs_client     = @@character_set_client */;
/*!50503 SET character_set_client = utf8mb4 */;
CREATE TABLE `teams` (
  `id` int NOT NULL AUTO_INCREMENT,
  `nome` varchar(255) DEFAULT NULL,
  `cidade` varchar(255) DEFAULT NULL,
  `abreviacao` varchar(3) DEFAULT NULL,
  `n_vitorias` int DEFAULT NULL,
  `n_derrotas` int DEFAULT NULL,
  `idTecnico` int DEFAULT NULL,
  `idEstadio` int DEFAULT NULL,
  PRIMARY KEY (`id`),
  KEY `idTecnico` (`idTecnico`),
  KEY `idEstadio` (`idEstadio`),
  CONSTRAINT `teams_ibfk_1` FOREIGN KEY (`idTecnico`) REFERENCES `tecnicos` (`id`),
  CONSTRAINT `teams_ibfk_2` FOREIGN KEY (`idEstadio`) REFERENCES `estadios` (`id`)
) ENGINE=InnoDB AUTO_INCREMENT=31 DEFAULT CHARSET=utf8mb4 COLLATE=utf8mb4_0900_ai_ci;
/*!40101 SET character_set_client = @saved_cs_client */;

--
-- Dumping data for table `teams`
--

LOCK TABLES `teams` WRITE;
/*!40000 ALTER TABLE `teams` DISABLE KEYS */;
INSERT INTO `teams` VALUES (1,'Atlanta Hawks','Atlanta','ATL',15,15,1,1),(2,'Boston Celtics','Boston','BOS',22,9,2,2),(3,'Brooklyn Nets','Brooklyn','BKN',17,7,3,3),(4,'Charlotte Hornets','Charlotte','CHA',7,23,4,4),(5,'Chicago Bulls','Chicago','CHI',11,18,5,5),(6,'Cleveland Cavaliers','Cleveland','CLE',20,11,6,6),(7,'Dallas Mavericks','Dallas','DAL',15,15,7,7),(8,'Denver Nuggets','Denver','DEN',18,11,8,8),(9,'Detroit Pistons','Detroit','DET',8,24,9,9),(10,'Golden State Warriors','San Francisco','GSW',15,16,10,10),(11,'Houston Rockets','Houston','HOU',9,20,11,11),(12,'Indiana Pacers','Indianapolis','IND',15,16,12,12),(13,'Los Angeles Clippers','Los Angeles','LAC',18,14,13,13),(14,'Los Angeles Lakers','Los Angeles','LAL',13,16,14,13),(15,'Memphis Grizzlies','Memphis','MEM',19,10,15,14),(16,'Miami Heat','Miami','MIA',16,15,16,15),(17,'Milwaukee Bucks','Milwaukee','MIL',21,8,17,16),(18,'Minnesota Timberwolves','Minneapolis','MIN',15,15,18,17),(19,'New Orleans Pelicans','New Orleans','NOP',18,11,19,18),(20,'New York Knicks','New York City','NYK',17,13,20,19),(21,'Oklahoma City Thunder','Oklahoma City','OKC',12,18,21,20),(22,'Orlando Magic','Orlando','ORL',11,20,22,21),(23,'Philadelphia 76ers','Philadelphia','PHI',16,12,23,22),(24,'Phoenix Suns','Phoenix','PHO',18,12,24,23),(25,'Portland Trail Blazers','Portland','POR',17,13,25,24),(26,'Sacramento Kings','Sacramento','SAC',16,12,26,25),(27,'San Antonio Spurs','San Antonio','SAS',9,20,27,26),(28,'Toronto Raptors','Toronto','TOR',13,17,28,27),(29,'Utah Jazz','Salt Lake City','UTA',17,15,29,28),(30,'Washington Wizards','Washington','WAS',11,20,30,29);
/*!40000 ALTER TABLE `teams` ENABLE KEYS */;
UNLOCK TABLES;

--
-- Table structure for table `tecnicos`
--

DROP TABLE IF EXISTS `tecnicos`;
/*!40101 SET @saved_cs_client     = @@character_set_client */;
/*!50503 SET character_set_client = utf8mb4 */;
CREATE TABLE `tecnicos` (
  `id` int NOT NULL AUTO_INCREMENT,
  `nome` varchar(255) DEFAULT NULL,
  `dataNasc` varchar(10) DEFAULT NULL,
  `tempInicio` varchar(9) DEFAULT NULL,
  `anosTime` int DEFAULT NULL,
  `nacionalidade` varchar(255) DEFAULT NULL,
  `idTeam` int DEFAULT NULL,
  PRIMARY KEY (`id`),
  KEY `idTeam` (`idTeam`),
  CONSTRAINT `tecnicos_ibfk_1` FOREIGN KEY (`idTeam`) REFERENCES `teams` (`id`)
) ENGINE=InnoDB AUTO_INCREMENT=31 DEFAULT CHARSET=utf8mb4 COLLATE=utf8mb4_0900_ai_ci;
/*!40101 SET character_set_client = @saved_cs_client */;

--
-- Dumping data for table `tecnicos`
--

LOCK TABLES `tecnicos` WRITE;
/*!40000 ALTER TABLE `tecnicos` DISABLE KEYS */;
INSERT INTO `tecnicos` VALUES (1,'Nate McMillan','03/08/1964','2020-2021',3,'United States',1),(2,'Joe Mazzulla','30/06/1988','2022-2023',1,'United States',2),(3,'Jacque Vaughn','11/02/1975','2022-2023',1,'United States',3),(4,'Steve Clifford','28/05/1961','2022-2023',1,'United States',4),(5,'Billy Donovan','30/05/1965','2020-2021',3,'United States',5),(6,'J.B. Bickerstaff','10/03/1979','2020-2021',3,'United States',6),(7,'Jason Kidd','23/03/1973','2021-2022',2,'United States',7),(8,'Michael Malone','15/09/1971','2015-2016',8,'United States',8),(9,'Dwane Casey','17/04/1957','2018-2019',5,'United States',9),(10,'Steve Kerr','27/09/1965','2014-2015',9,'United States',10),(11,'Stephen Silas','06/08/1973','2020-2021',3,'United States',11),(12,'Rick Carlisle','27/10/1959','2021-2022',2,'United States',12),(13,'Tyronn Lue','03/05/1977','2020-2021',3,'United States',13),(14,'Darvin Ham','23/07/1973','2022-2023',1,'United States',14),(15,'Taylor Jenkins','12/09/1984','2019-2020',4,'United States',15),(16,'Erik Spoelstra','01/11/1970','2008-2009',15,'United States',16),(17,'Mike Budenholzer','06/08/1969','2018-2019',5,'United States',17),(18,'Chris Finch','06/11/1969','2020-2021',3,'United States',18),(19,'Willie Green','28/07/1981','2021-2022',2,'United States',19),(20,'Tom Thibodeau','17/01/1958','2019-2020',4,'United States',20),(21,'Mark Daigneault','23/02/1985','2020-2021',3,'United States',21),(22,'Jamahl Mosley','06/10/1978','2021-2022',2,'United States',22),(23,'Doc Rivers','13/10/1961','2020-2021',3,'United States',23),(24,'Monty Williams','08/10/1971','2019-2020',4,'United States',24),(25,'Chauncey Billups','25/09/1976','2021-2022',2,'United States',25),(26,'Mike Brown','05/03/1970','2022-2023',1,'United States',26),(27,'Gregg Popovich','28/01/1949','1996-1997',27,'United States',27),(28,'Nick Nurse','24/07/1967','2018-2019',5,'United States',28),(29,'Will Hardy','21/01/1988','2022-2023',1,'United States',29),(30,'Wes Unseld Jr.','20/09/1975','2021-2022',2,'United States',30);
/*!40000 ALTER TABLE `tecnicos` ENABLE KEYS */;
UNLOCK TABLES;
/*!40103 SET TIME_ZONE=@OLD_TIME_ZONE */;

/*!40101 SET SQL_MODE=@OLD_SQL_MODE */;
/*!40014 SET FOREIGN_KEY_CHECKS=@OLD_FOREIGN_KEY_CHECKS */;
/*!40014 SET UNIQUE_CHECKS=@OLD_UNIQUE_CHECKS */;
/*!40101 SET CHARACTER_SET_CLIENT=@OLD_CHARACTER_SET_CLIENT */;
/*!40101 SET CHARACTER_SET_RESULTS=@OLD_CHARACTER_SET_RESULTS */;
/*!40101 SET COLLATION_CONNECTION=@OLD_COLLATION_CONNECTION */;
/*!40111 SET SQL_NOTES=@OLD_SQL_NOTES */;

-- Dump completed on 2022-12-27 15:42:10
